﻿<?xml version="1.0" encoding="utf-8"?>
<abapGit version="v1.0.0" serializer="LCL_OBJECT_SHLP" serializer_version="v1.0.0">
 <asx:abap xmlns:asx="http://www.sap.com/abapxml" version="1.0">
  <asx:values>
   <DD30V>
    <SHLPNAME>/BVCCSAP/K7_BCTS</SHLPNAME>
    <DDLANGUAGE>D</DDLANGUAGE>
    <DDTEXT>Suchhilfe für Fachdatenkontext</DDTEXT>
    <ISSIMPLE>X</ISSIMPLE>
    <SELMETHOD>/BVCCSAP/K7_0505</SELMETHOD>
    <SELMTYPE>X</SELMTYPE>
    <TEXTTAB>/BVCCSAP/K7_505T</TEXTTAB>
    <DIALOGTYPE>D</DIALOGTYPE>
    <FUZZY_SIMILARITY>0.8</FUZZY_SIMILARITY>
   </DD30V>
   <DD32P_TABLE>
    <DD32P>
     <SHLPNAME>/BVCCSAP/K7_BCTS</SHLPNAME>
     <FIELDNAME>BUS_DATA_CONTEXT</FIELDNAME>
     <FLPOSITION>0001</FLPOSITION>
     <ROLLNAME>/BVCCSAP/K7_BUS_DATA_CONTEXT</ROLLNAME>
     <SHLPINPUT>X</SHLPINPUT>
     <SHLPOUTPUT>X</SHLPOUTPUT>
     <SHLPSELPOS>01</SHLPSELPOS>
     <SHLPLISPOS>01</SHLPLISPOS>
     <SCRLEN3>40</SCRLEN3>
    </DD32P>
    <DD32P>
     <SHLPNAME>/BVCCSAP/K7_BCTS</SHLPNAME>
     <FIELDNAME>BUS_DATA_CONTEXT_DESC</FIELDNAME>
     <FLPOSITION>0002</FLPOSITION>
     <ROLLNAME>/BVCCSAP/K7_BUS_DATA_CTX_DESC</ROLLNAME>
     <SHLPINPUT>X</SHLPINPUT>
     <SHLPOUTPUT>X</SHLPOUTPUT>
     <SHLPSELPOS>02</SHLPSELPOS>
     <SHLPLISPOS>02</SHLPLISPOS>
     <SCRLEN3>40</SCRLEN3>
    </DD32P>
   </DD32P_TABLE>
  </asx:values>
 </asx:abap>
</abapGit>
