﻿<?xml version="1.0" encoding="utf-8"?>
<abapGit version="v1.0.0" serializer="LCL_OBJECT_CLAS" serializer_version="v1.0.0">
 <asx:abap xmlns:asx="http://www.sap.com/abapxml" version="1.0">
  <asx:values>
   <VSEOCLASS>
    <CLSNAME>/BVCCSAP/CL_K7_E2_PUBLISHER</CLSNAME>
    <VERSION>1</VERSION>
    <LANGU>D</LANGU>
    <DESCRIPT>E2 Publisher</DESCRIPT>
    <STATE>1</STATE>
    <CLSCCINCL>X</CLSCCINCL>
    <FIXPT>X</FIXPT>
    <UNICODE>X</UNICODE>
   </VSEOCLASS>
   <DESCRIPTIONS>
    <SEOCOMPOTX>
     <CLSNAME>/BVCCSAP/CL_K7_E2_PUBLISHER</CLSNAME>
     <CMPNAME>GC_BUSCASE_EC</CMPNAME>
     <LANGU>D</LANGU>
     <DESCRIPT>Business Case ErrorCodes</DESCRIPT>
    </SEOCOMPOTX>
    <SEOCOMPOTX>
     <CLSNAME>/BVCCSAP/CL_K7_E2_PUBLISHER</CLSNAME>
     <CMPNAME>GC_BUSCASE_HMP</CMPNAME>
     <LANGU>D</LANGU>
     <DESCRIPT>Business Case HistoryMunicipality</DESCRIPT>
    </SEOCOMPOTX>
    <SEOCOMPOTX>
     <CLSNAME>/BVCCSAP/CL_K7_E2_PUBLISHER</CLSNAME>
     <CMPNAME>GC_BUSCASE_IC</CMPNAME>
     <LANGU>D</LANGU>
     <DESCRIPT>Business Case InfoCarrier</DESCRIPT>
    </SEOCOMPOTX>
    <SEOCOMPOTX>
     <CLSNAME>/BVCCSAP/CL_K7_E2_PUBLISHER</CLSNAME>
     <CMPNAME>GC_BUSCASE_MP</CMPNAME>
     <LANGU>D</LANGU>
     <DESCRIPT>Business Case Municipality</DESCRIPT>
    </SEOCOMPOTX>
    <SEOCOMPOTX>
     <CLSNAME>/BVCCSAP/CL_K7_E2_PUBLISHER</CLSNAME>
     <CMPNAME>GC_BUSCASE_SC</CMPNAME>
     <LANGU>D</LANGU>
     <DESCRIPT>Business Case StandardCodes</DESCRIPT>
    </SEOCOMPOTX>
    <SEOCOMPOTX>
     <CLSNAME>/BVCCSAP/CL_K7_E2_PUBLISHER</CLSNAME>
     <CMPNAME>MO_CODELIST_DATA</CMPNAME>
     <LANGU>D</LANGU>
     <DESCRIPT>Codelisten Daten Handler</DESCRIPT>
    </SEOCOMPOTX>
    <SEOCOMPOTX>
     <CLSNAME>/BVCCSAP/CL_K7_E2_PUBLISHER</CLSNAME>
     <CMPNAME>MS_CH_TOPOL_DATA</CMPNAME>
     <LANGU>D</LANGU>
     <DESCRIPT>Daten der räumliche Topologie der Schweiz</DESCRIPT>
    </SEOCOMPOTX>
    <SEOCOMPOTX>
     <CLSNAME>/BVCCSAP/CL_K7_E2_PUBLISHER</CLSNAME>
     <CMPNAME>MT_CODEID</CMPNAME>
     <LANGU>D</LANGU>
     <DESCRIPT>Code Id</DESCRIPT>
    </SEOCOMPOTX>
    <SEOCOMPOTX>
     <CLSNAME>/BVCCSAP/CL_K7_E2_PUBLISHER</CLSNAME>
     <CMPNAME>MT_ERROR_CODE</CMPNAME>
     <LANGU>D</LANGU>
     <DESCRIPT>Tabellentyp Error Codes</DESCRIPT>
    </SEOCOMPOTX>
    <SEOCOMPOTX>
     <CLSNAME>/BVCCSAP/CL_K7_E2_PUBLISHER</CLSNAME>
     <CMPNAME>MT_INFO_CARRIER</CMPNAME>
     <LANGU>D</LANGU>
     <DESCRIPT>Tabellentyp Infocarrier External</DESCRIPT>
    </SEOCOMPOTX>
    <SEOCOMPOTX>
     <CLSNAME>/BVCCSAP/CL_K7_E2_PUBLISHER</CLSNAME>
     <CMPNAME>TRANSFORM_EC</CMPNAME>
     <LANGU>D</LANGU>
     <DESCRIPT>Error Codes zu XML transformieren</DESCRIPT>
    </SEOCOMPOTX>
    <SEOCOMPOTX>
     <CLSNAME>/BVCCSAP/CL_K7_E2_PUBLISHER</CLSNAME>
     <CMPNAME>TRANSFORM_HMP</CMPNAME>
     <LANGU>D</LANGU>
     <DESCRIPT>Hist. Gemeindeverzeichnis zu XML transformieren</DESCRIPT>
    </SEOCOMPOTX>
    <SEOCOMPOTX>
     <CLSNAME>/BVCCSAP/CL_K7_E2_PUBLISHER</CLSNAME>
     <CMPNAME>TRANSFORM_IC</CMPNAME>
     <LANGU>D</LANGU>
     <DESCRIPT>InfoCarrier Daten zu XML transformieren</DESCRIPT>
    </SEOCOMPOTX>
    <SEOCOMPOTX>
     <CLSNAME>/BVCCSAP/CL_K7_E2_PUBLISHER</CLSNAME>
     <CMPNAME>TRANSFORM_MP</CMPNAME>
     <LANGU>D</LANGU>
     <DESCRIPT>Aktuelle Gemeindeliste zu XML transformieren</DESCRIPT>
    </SEOCOMPOTX>
    <SEOCOMPOTX>
     <CLSNAME>/BVCCSAP/CL_K7_E2_PUBLISHER</CLSNAME>
     <CMPNAME>TRANSFORM_SC</CMPNAME>
     <LANGU>D</LANGU>
     <DESCRIPT>Standard Codes zu XML transformieren</DESCRIPT>
    </SEOCOMPOTX>
   </DESCRIPTIONS>
  </asx:values>
 </asx:abap>
</abapGit>
