﻿<?xml version="1.0" encoding="utf-8"?>
<abapGit version="v1.0.0" serializer="LCL_OBJECT_CLAS" serializer_version="v1.0.0">
 <asx:abap xmlns:asx="http://www.sap.com/abapxml" version="1.0">
  <asx:values>
   <VSEOCLASS>
    <CLSNAME>/BVCCSAP/CL_K7_CODELIST_ASS</CLSNAME>
    <VERSION>1</VERSION>
    <LANGU>D</LANGU>
    <DESCRIPT>Assitance Class Codelisten Verwaltung</DESCRIPT>
    <STATE>1</STATE>
    <CLSCCINCL>X</CLSCCINCL>
    <FIXPT>X</FIXPT>
    <UNICODE>X</UNICODE>
   </VSEOCLASS>
   <DESCRIPTIONS>
    <SEOCOMPOTX>
     <CLSNAME>/BVCCSAP/CL_K7_CODELIST_ASS</CLSNAME>
     <CMPNAME>GC_CODELIST_TYPE_EC</CMPNAME>
     <LANGU>D</LANGU>
     <DESCRIPT>Error Codes</DESCRIPT>
    </SEOCOMPOTX>
    <SEOCOMPOTX>
     <CLSNAME>/BVCCSAP/CL_K7_CODELIST_ASS</CLSNAME>
     <CMPNAME>GC_CODELIST_TYPE_EVC</CMPNAME>
     <LANGU>D</LANGU>
     <DESCRIPT>Event Codes</DESCRIPT>
    </SEOCOMPOTX>
    <SEOCOMPOTX>
     <CLSNAME>/BVCCSAP/CL_K7_CODELIST_ASS</CLSNAME>
     <CMPNAME>GC_CODELIST_TYPE_IC</CMPNAME>
     <LANGU>D</LANGU>
     <DESCRIPT>InfoCarrier Codes</DESCRIPT>
    </SEOCOMPOTX>
    <SEOCOMPOTX>
     <CLSNAME>/BVCCSAP/CL_K7_CODELIST_ASS</CLSNAME>
     <CMPNAME>GC_CODELIST_TYPE_RTC</CMPNAME>
     <LANGU>D</LANGU>
     <DESCRIPT>Räumliche Topologie CH</DESCRIPT>
    </SEOCOMPOTX>
    <SEOCOMPOTX>
     <CLSNAME>/BVCCSAP/CL_K7_CODELIST_ASS</CLSNAME>
     <CMPNAME>GC_CODELIST_TYPE_SC</CMPNAME>
     <LANGU>D</LANGU>
     <DESCRIPT>Standard Codes</DESCRIPT>
    </SEOCOMPOTX>
    <SEOCOMPOTX>
     <CLSNAME>/BVCCSAP/CL_K7_CODELIST_ASS</CLSNAME>
     <CMPNAME>GC_DELETE</CMPNAME>
     <LANGU>D</LANGU>
     <DESCRIPT>Insert</DESCRIPT>
    </SEOCOMPOTX>
    <SEOCOMPOTX>
     <CLSNAME>/BVCCSAP/CL_K7_CODELIST_ASS</CLSNAME>
     <CMPNAME>GC_INSERT</CMPNAME>
     <LANGU>D</LANGU>
     <DESCRIPT>Insert</DESCRIPT>
    </SEOCOMPOTX>
    <SEOCOMPOTX>
     <CLSNAME>/BVCCSAP/CL_K7_CODELIST_ASS</CLSNAME>
     <CMPNAME>GC_REC_STATE_CHECKED</CMPNAME>
     <LANGU>D</LANGU>
     <DESCRIPT>Recordstatus</DESCRIPT>
    </SEOCOMPOTX>
    <SEOCOMPOTX>
     <CLSNAME>/BVCCSAP/CL_K7_CODELIST_ASS</CLSNAME>
     <CMPNAME>GC_REC_STATE_NOT_USED</CMPNAME>
     <LANGU>D</LANGU>
     <DESCRIPT>Recordstatus</DESCRIPT>
    </SEOCOMPOTX>
    <SEOCOMPOTX>
     <CLSNAME>/BVCCSAP/CL_K7_CODELIST_ASS</CLSNAME>
     <CMPNAME>GC_SYSTEMID_SAP</CMPNAME>
     <LANGU>D</LANGU>
     <DESCRIPT>SystemId</DESCRIPT>
    </SEOCOMPOTX>
    <SEOCOMPOTX>
     <CLSNAME>/BVCCSAP/CL_K7_CODELIST_ASS</CLSNAME>
     <CMPNAME>GC_UPDATE</CMPNAME>
     <LANGU>D</LANGU>
     <DESCRIPT>Update</DESCRIPT>
    </SEOCOMPOTX>
    <SEOCOMPOTX>
     <CLSNAME>/BVCCSAP/CL_K7_CODELIST_ASS</CLSNAME>
     <CMPNAME>MO_CODELIST_DATA</CMPNAME>
     <LANGU>D</LANGU>
     <DESCRIPT>Codelisten Daten Handler</DESCRIPT>
    </SEOCOMPOTX>
    <SEOCOMPOTX>
     <CLSNAME>/BVCCSAP/CL_K7_CODELIST_ASS</CLSNAME>
     <CMPNAME>MO_TRANSPORT_HNDL</CMPNAME>
     <LANGU>D</LANGU>
     <DESCRIPT>Transport Handler</DESCRIPT>
    </SEOCOMPOTX>
   </DESCRIPTIONS>
  </asx:values>
 </asx:abap>
</abapGit>
