﻿<?xml version="1.0" encoding="utf-8"?>
<abapGit version="v1.0.0" serializer="LCL_OBJECT_TABL" serializer_version="v1.0.0">
 <asx:abap xmlns:asx="http://www.sap.com/abapxml" version="1.0">
  <asx:values>
   <DD02V>
    <TABNAME>/BVCCSAP/K7_0507</TABNAME>
    <DDLANGUAGE>D</DDLANGUAGE>
    <TABCLASS>TRANSP</TABCLASS>
    <CLIDEP>X</CLIDEP>
    <DDTEXT>CodeId Selektionskriterien</DDTEXT>
    <MAINFLAG>X</MAINFLAG>
    <CONTFLAG>C</CONTFLAG>
    <EXCLASS>3</EXCLASS>
   </DD02V>
   <DD09L>
    <TABNAME>/BVCCSAP/K7_0507</TABNAME>
    <AS4LOCAL>A</AS4LOCAL>
    <TABKAT>1</TABKAT>
    <TABART>APPL2</TABART>
    <BUFALLOW>N</BUFALLOW>
   </DD09L>
   <DD03P_TABLE>
    <DD03P>
     <TABNAME>/BVCCSAP/K7_0507</TABNAME>
     <FIELDNAME>MANDT</FIELDNAME>
     <POSITION>0001</POSITION>
     <KEYFLAG>X</KEYFLAG>
     <ROLLNAME>MANDT</ROLLNAME>
     <CHECKTABLE>T000</CHECKTABLE>
     <ADMINFIELD>0</ADMINFIELD>
     <NOTNULL>X</NOTNULL>
     <SHLPORIGIN>P</SHLPORIGIN>
     <COMPTYPE>E</COMPTYPE>
    </DD03P>
    <DD03P>
     <TABNAME>/BVCCSAP/K7_0507</TABNAME>
     <FIELDNAME>SYSTEMID</FIELDNAME>
     <POSITION>0002</POSITION>
     <KEYFLAG>X</KEYFLAG>
     <ROLLNAME>/BVCCSAP/K7_SYSTEMID</ROLLNAME>
     <CHECKTABLE>/BVCCSAP/K7_0500</CHECKTABLE>
     <ADMINFIELD>0</ADMINFIELD>
     <NOTNULL>X</NOTNULL>
     <SHLPORIGIN>P</SHLPORIGIN>
     <COMPTYPE>E</COMPTYPE>
    </DD03P>
    <DD03P>
     <TABNAME>/BVCCSAP/K7_0507</TABNAME>
     <FIELDNAME>CODEID</FIELDNAME>
     <POSITION>0003</POSITION>
     <KEYFLAG>X</KEYFLAG>
     <ROLLNAME>/BVCCSAP/K7_CODEID</ROLLNAME>
     <CHECKTABLE>/BVCCSAP/K7_0501</CHECKTABLE>
     <ADMINFIELD>0</ADMINFIELD>
     <NOTNULL>X</NOTNULL>
     <SHLPORIGIN>P</SHLPORIGIN>
     <COMPTYPE>E</COMPTYPE>
    </DD03P>
    <DD03P>
     <TABNAME>/BVCCSAP/K7_0507</TABNAME>
     <FIELDNAME>FIELDNAME</FIELDNAME>
     <POSITION>0004</POSITION>
     <KEYFLAG>X</KEYFLAG>
     <ROLLNAME>FIELDNAME</ROLLNAME>
     <CHECKTABLE>DD03L</CHECKTABLE>
     <ADMINFIELD>0</ADMINFIELD>
     <NOTNULL>X</NOTNULL>
     <SHLPORIGIN>P</SHLPORIGIN>
     <COMPTYPE>E</COMPTYPE>
    </DD03P>
    <DD03P>
     <TABNAME>/BVCCSAP/K7_0507</TABNAME>
     <FIELDNAME>REC_NR</FIELDNAME>
     <POSITION>0005</POSITION>
     <KEYFLAG>X</KEYFLAG>
     <ROLLNAME>/BVCCSAP/K7_SEL_CRITERIA_ID</ROLLNAME>
     <ADMINFIELD>0</ADMINFIELD>
     <NOTNULL>X</NOTNULL>
     <COMPTYPE>E</COMPTYPE>
    </DD03P>
    <DD03P>
     <TABNAME>/BVCCSAP/K7_0507</TABNAME>
     <FIELDNAME>SQL_OPTION</FIELDNAME>
     <POSITION>0006</POSITION>
     <ROLLNAME>FDT_WD_OPERATOR_AND_OR</ROLLNAME>
     <ADMINFIELD>0</ADMINFIELD>
     <VALEXI>X</VALEXI>
     <SHLPORIGIN>F</SHLPORIGIN>
     <COMPTYPE>E</COMPTYPE>
    </DD03P>
    <DD03P>
     <TABNAME>/BVCCSAP/K7_0507</TABNAME>
     <FIELDNAME>KEY_COMP_OPTION</FIELDNAME>
     <POSITION>0007</POSITION>
     <ROLLNAME>/BVCCSAP/K7_OPTION</ROLLNAME>
     <ADMINFIELD>0</ADMINFIELD>
     <VALEXI>X</VALEXI>
     <SHLPORIGIN>F</SHLPORIGIN>
     <COMPTYPE>E</COMPTYPE>
    </DD03P>
    <DD03P>
     <TABNAME>/BVCCSAP/K7_0507</TABNAME>
     <FIELDNAME>KEY_COMP_VALUE_LOW</FIELDNAME>
     <POSITION>0008</POSITION>
     <ROLLNAME>CP_LOW</ROLLNAME>
     <ADMINFIELD>0</ADMINFIELD>
     <COMPTYPE>E</COMPTYPE>
    </DD03P>
    <DD03P>
     <TABNAME>/BVCCSAP/K7_0507</TABNAME>
     <FIELDNAME>KEY_COMP_VALUE_HIGH</FIELDNAME>
     <POSITION>0009</POSITION>
     <ROLLNAME>CP_HIGH</ROLLNAME>
     <ADMINFIELD>0</ADMINFIELD>
     <COMPTYPE>E</COMPTYPE>
    </DD03P>
   </DD03P_TABLE>
   <DD05M_TABLE>
    <DD05M>
     <TABNAME>/BVCCSAP/K7_0507</TABNAME>
     <FIELDNAME>CODEID</FIELDNAME>
     <FORTABLE>/BVCCSAP/K7_0507</FORTABLE>
     <FORKEY>MANDT</FORKEY>
     <CHECKTABLE>/BVCCSAP/K7_0501</CHECKTABLE>
     <CHECKFIELD>MANDT</CHECKFIELD>
     <PRIMPOS>0001</PRIMPOS>
     <DOMNAME>MANDT</DOMNAME>
     <DATATYPE>CLNT</DATATYPE>
     <LENG>000003</LENG>
    </DD05M>
    <DD05M>
     <TABNAME>/BVCCSAP/K7_0507</TABNAME>
     <FIELDNAME>CODEID</FIELDNAME>
     <FORTABLE>/BVCCSAP/K7_0507</FORTABLE>
     <FORKEY>SYSTEMID</FORKEY>
     <CHECKTABLE>/BVCCSAP/K7_0501</CHECKTABLE>
     <CHECKFIELD>SYSTEMID</CHECKFIELD>
     <PRIMPOS>0002</PRIMPOS>
     <DOMNAME>/BVCCSAP/K7_SYSTEMID</DOMNAME>
     <DATATYPE>CHAR</DATATYPE>
     <LENG>000003</LENG>
    </DD05M>
    <DD05M>
     <TABNAME>/BVCCSAP/K7_0507</TABNAME>
     <FIELDNAME>CODEID</FIELDNAME>
     <FORTABLE>/BVCCSAP/K7_0507</FORTABLE>
     <FORKEY>CODEID</FORKEY>
     <CHECKTABLE>/BVCCSAP/K7_0501</CHECKTABLE>
     <CHECKFIELD>CODEID</CHECKFIELD>
     <PRIMPOS>0003</PRIMPOS>
     <DOMNAME>/BVCCSAP/K7_ID_3</DOMNAME>
     <DATATYPE>CHAR</DATATYPE>
     <LENG>000003</LENG>
    </DD05M>
    <DD05M>
     <TABNAME>/BVCCSAP/K7_0507</TABNAME>
     <FIELDNAME>FIELDNAME</FIELDNAME>
     <FORTABLE>*</FORTABLE>
     <CHECKTABLE>DD03L</CHECKTABLE>
     <CHECKFIELD>TABNAME</CHECKFIELD>
     <PRIMPOS>0001</PRIMPOS>
     <DOMNAME>AS4TAB</DOMNAME>
     <DATATYPE>CHAR</DATATYPE>
     <LENG>000030</LENG>
    </DD05M>
    <DD05M>
     <TABNAME>/BVCCSAP/K7_0507</TABNAME>
     <FIELDNAME>FIELDNAME</FIELDNAME>
     <FORTABLE>/BVCCSAP/K7_0507</FORTABLE>
     <FORKEY>FIELDNAME</FORKEY>
     <CHECKTABLE>DD03L</CHECKTABLE>
     <CHECKFIELD>FIELDNAME</CHECKFIELD>
     <PRIMPOS>0002</PRIMPOS>
     <DOMNAME>FDNAME</DOMNAME>
     <DATATYPE>CHAR</DATATYPE>
     <LENG>000030</LENG>
    </DD05M>
    <DD05M>
     <TABNAME>/BVCCSAP/K7_0507</TABNAME>
     <FIELDNAME>FIELDNAME</FIELDNAME>
     <FORTABLE>*</FORTABLE>
     <CHECKTABLE>DD03L</CHECKTABLE>
     <CHECKFIELD>AS4LOCAL</CHECKFIELD>
     <PRIMPOS>0003</PRIMPOS>
     <DOMNAME>AS4LOCAL</DOMNAME>
     <DATATYPE>CHAR</DATATYPE>
     <LENG>000001</LENG>
    </DD05M>
    <DD05M>
     <TABNAME>/BVCCSAP/K7_0507</TABNAME>
     <FIELDNAME>FIELDNAME</FIELDNAME>
     <FORTABLE>*</FORTABLE>
     <CHECKTABLE>DD03L</CHECKTABLE>
     <CHECKFIELD>AS4VERS</CHECKFIELD>
     <PRIMPOS>0004</PRIMPOS>
     <DOMNAME>AS4VERS</DOMNAME>
     <DATATYPE>NUMC</DATATYPE>
     <LENG>000004</LENG>
    </DD05M>
    <DD05M>
     <TABNAME>/BVCCSAP/K7_0507</TABNAME>
     <FIELDNAME>FIELDNAME</FIELDNAME>
     <FORTABLE>*</FORTABLE>
     <CHECKTABLE>DD03L</CHECKTABLE>
     <CHECKFIELD>POSITION</CHECKFIELD>
     <PRIMPOS>0005</PRIMPOS>
     <DOMNAME>AS4POS</DOMNAME>
     <DATATYPE>NUMC</DATATYPE>
     <LENG>000004</LENG>
    </DD05M>
    <DD05M>
     <TABNAME>/BVCCSAP/K7_0507</TABNAME>
     <FIELDNAME>MANDT</FIELDNAME>
     <FORTABLE>/BVCCSAP/K7_0507</FORTABLE>
     <FORKEY>MANDT</FORKEY>
     <CHECKTABLE>T000</CHECKTABLE>
     <CHECKFIELD>MANDT</CHECKFIELD>
     <PRIMPOS>0001</PRIMPOS>
     <DOMNAME>MANDT</DOMNAME>
     <DATATYPE>CLNT</DATATYPE>
     <LENG>000003</LENG>
    </DD05M>
    <DD05M>
     <TABNAME>/BVCCSAP/K7_0507</TABNAME>
     <FIELDNAME>SYSTEMID</FIELDNAME>
     <FORTABLE>/BVCCSAP/K7_0507</FORTABLE>
     <FORKEY>MANDT</FORKEY>
     <CHECKTABLE>/BVCCSAP/K7_0500</CHECKTABLE>
     <CHECKFIELD>MANDT</CHECKFIELD>
     <PRIMPOS>0001</PRIMPOS>
     <DOMNAME>MANDT</DOMNAME>
     <DATATYPE>CLNT</DATATYPE>
     <LENG>000003</LENG>
    </DD05M>
    <DD05M>
     <TABNAME>/BVCCSAP/K7_0507</TABNAME>
     <FIELDNAME>SYSTEMID</FIELDNAME>
     <FORTABLE>/BVCCSAP/K7_0507</FORTABLE>
     <FORKEY>SYSTEMID</FORKEY>
     <CHECKTABLE>/BVCCSAP/K7_0500</CHECKTABLE>
     <CHECKFIELD>SYSTEMID</CHECKFIELD>
     <PRIMPOS>0002</PRIMPOS>
     <DOMNAME>/BVCCSAP/K7_SYSTEMID</DOMNAME>
     <DATATYPE>CHAR</DATATYPE>
     <LENG>000003</LENG>
    </DD05M>
   </DD05M_TABLE>
   <DD08V_TABLE>
    <DD08V>
     <TABNAME>/BVCCSAP/K7_0507</TABNAME>
     <FIELDNAME>CODEID</FIELDNAME>
     <DDLANGUAGE>D</DDLANGUAGE>
     <CHECKTABLE>/BVCCSAP/K7_0501</CHECKTABLE>
     <FRKART>KEY</FRKART>
    </DD08V>
    <DD08V>
     <TABNAME>/BVCCSAP/K7_0507</TABNAME>
     <FIELDNAME>FIELDNAME</FIELDNAME>
     <DDLANGUAGE>D</DDLANGUAGE>
     <CHECKTABLE>DD03L</CHECKTABLE>
     <CLASFIELD>*</CLASFIELD>
    </DD08V>
    <DD08V>
     <TABNAME>/BVCCSAP/K7_0507</TABNAME>
     <FIELDNAME>MANDT</FIELDNAME>
     <DDLANGUAGE>D</DDLANGUAGE>
     <CHECKTABLE>T000</CHECKTABLE>
    </DD08V>
    <DD08V>
     <TABNAME>/BVCCSAP/K7_0507</TABNAME>
     <FIELDNAME>SYSTEMID</FIELDNAME>
     <DDLANGUAGE>D</DDLANGUAGE>
     <CHECKTABLE>/BVCCSAP/K7_0500</CHECKTABLE>
     <FRKART>KEY</FRKART>
    </DD08V>
   </DD08V_TABLE>
  </asx:values>
 </asx:abap>
</abapGit>
