﻿<?xml version="1.0" encoding="utf-8"?>
<abapGit version="v1.0.0" serializer="LCL_OBJECT_DTEL" serializer_version="v1.0.0">
 <asx:abap xmlns:asx="http://www.sap.com/abapxml" version="1.0">
  <asx:values>
   <DD04V>
    <ROLLNAME>/BVCCSAP/K7_INFOCARRIER_ID</ROLLNAME>
    <DDLANGUAGE>D</DDLANGUAGE>
    <DOMNAME>SUID_UUID</DOMNAME>
    <HEADLEN>26</HEADLEN>
    <SCRLEN1>10</SCRLEN1>
    <SCRLEN2>14</SCRLEN2>
    <SCRLEN3>26</SCRLEN3>
    <DDTEXT>Infocarrier Identifikation</DDTEXT>
    <REPTEXT>Infocarrier Identifikation</REPTEXT>
    <SCRTEXT_S>InfoCarrId</SCRTEXT_S>
    <SCRTEXT_M>Infocarrier Id</SCRTEXT_M>
    <SCRTEXT_L>Infocarrier Identifikation</SCRTEXT_L>
    <DTELMASTER>D</DTELMASTER>
    <REFKIND>D</REFKIND>
   </DD04V>
  </asx:values>
 </asx:abap>
</abapGit>
