﻿<?xml version="1.0" encoding="utf-8"?>
<abapGit version="v1.0.0" serializer="LCL_OBJECT_TABL" serializer_version="v1.0.0">
 <asx:abap xmlns:asx="http://www.sap.com/abapxml" version="1.0">
  <asx:values>
   <DD02V>
    <TABNAME>/BVCCSAP/K7_ERROR_CODE_TS</TABNAME>
    <DDLANGUAGE>D</DDLANGUAGE>
    <TABCLASS>INTTAB</TABCLASS>
    <LANGDEP>X</LANGDEP>
    <DDTEXT>Error Code external Struktur</DDTEXT>
    <EXCLASS>4</EXCLASS>
   </DD02V>
   <DD03P_TABLE>
    <DD03P>
     <TABNAME>/BVCCSAP/K7_ERROR_CODE_TS</TABNAME>
     <FIELDNAME>IUD</FIELDNAME>
     <POSITION>0001</POSITION>
     <ROLLNAME>/BVCCSAP/K7_IUD</ROLLNAME>
     <ADMINFIELD>0</ADMINFIELD>
     <VALEXI>X</VALEXI>
     <SHLPORIGIN>F</SHLPORIGIN>
     <COMPTYPE>E</COMPTYPE>
    </DD03P>
    <DD03P>
     <TABNAME>/BVCCSAP/K7_ERROR_CODE_TS</TABNAME>
     <FIELDNAME>.INCLUDE</FIELDNAME>
     <DDLANGUAGE>D</DDLANGUAGE>
     <POSITION>0002</POSITION>
     <ADMINFIELD>0</ADMINFIELD>
     <PRECFIELD>/BVCCSAP/K7_0504</PRECFIELD>
     <MASK>      S</MASK>
     <DDTEXT>MessageId</DDTEXT>
     <COMPTYPE>S</COMPTYPE>
     <GROUPNAME>K7_0550</GROUPNAME>
    </DD03P>
    <DD03P>
     <TABNAME>/BVCCSAP/K7_ERROR_CODE_TS</TABNAME>
     <FIELDNAME>MESSAGEID_FULL</FIELDNAME>
     <POSITION>0010</POSITION>
     <ROLLNAME>/BVCCSAP/K7_MESSAGEID_FULL</ROLLNAME>
     <ADMINFIELD>0</ADMINFIELD>
     <COMPTYPE>E</COMPTYPE>
    </DD03P>
    <DD03P>
     <TABNAME>/BVCCSAP/K7_ERROR_CODE_TS</TABNAME>
     <FIELDNAME>SERVICEIDDESC</FIELDNAME>
     <POSITION>0011</POSITION>
     <ROLLNAME>/BVCCSAP/K7_SERVICEIDDESC</ROLLNAME>
     <ADMINFIELD>0</ADMINFIELD>
     <COMPTYPE>E</COMPTYPE>
    </DD03P>
    <DD03P>
     <TABNAME>/BVCCSAP/K7_ERROR_CODE_TS</TABNAME>
     <FIELDNAME>MESSAGEIDDESC_DE</FIELDNAME>
     <POSITION>0012</POSITION>
     <ROLLNAME>/BVCCSAP/K7_MESSAGEIDDESC_DE</ROLLNAME>
     <ADMINFIELD>0</ADMINFIELD>
     <COMPTYPE>E</COMPTYPE>
    </DD03P>
    <DD03P>
     <TABNAME>/BVCCSAP/K7_ERROR_CODE_TS</TABNAME>
     <FIELDNAME>MESSAGEIDDESC_FR</FIELDNAME>
     <POSITION>0013</POSITION>
     <ROLLNAME>/BVCCSAP/K7_MESSAGEIDDESC_FR</ROLLNAME>
     <ADMINFIELD>0</ADMINFIELD>
     <COMPTYPE>E</COMPTYPE>
    </DD03P>
    <DD03P>
     <TABNAME>/BVCCSAP/K7_ERROR_CODE_TS</TABNAME>
     <FIELDNAME>MESSAGEIDDESC_IT</FIELDNAME>
     <POSITION>0014</POSITION>
     <ROLLNAME>/BVCCSAP/K7_MESSAGEIDDESC_IT</ROLLNAME>
     <ADMINFIELD>0</ADMINFIELD>
     <COMPTYPE>E</COMPTYPE>
    </DD03P>
    <DD03P>
     <TABNAME>/BVCCSAP/K7_ERROR_CODE_TS</TABNAME>
     <FIELDNAME>MESSAGEIDDESC_EN</FIELDNAME>
     <POSITION>0015</POSITION>
     <ROLLNAME>/BVCCSAP/K7_MESSAGEIDDESC_EN</ROLLNAME>
     <ADMINFIELD>0</ADMINFIELD>
     <COMPTYPE>E</COMPTYPE>
    </DD03P>
   </DD03P_TABLE>
   <DD08V_TABLE>
    <DD08V>
     <TABNAME>/BVCCSAP/K7_ERROR_CODE_TS</TABNAME>
     <FIELDNAME>MANDT</FIELDNAME>
     <DDLANGUAGE>D</DDLANGUAGE>
     <CHECKTABLE>*</CHECKTABLE>
     <NOINHERIT>Y</NOINHERIT>
    </DD08V>
   </DD08V_TABLE>
  </asx:values>
 </asx:abap>
</abapGit>
