﻿<?xml version="1.0" encoding="utf-8"?>
<abapGit version="v1.0.0" serializer="LCL_OBJECT_DOMA" serializer_version="v1.0.0">
 <asx:abap xmlns:asx="http://www.sap.com/abapxml" version="1.0">
  <asx:values>
   <DD01V>
    <DOMNAME>/BVCCSAP/K7_ENV_ID</DOMNAME>
    <DDLANGUAGE>D</DDLANGUAGE>
    <DATATYPE>NUMC</DATATYPE>
    <LENG>000001</LENG>
    <OUTPUTLEN>000001</OUTPUTLEN>
    <ENTITYTAB>/BVCCSAP/K7_0510</ENTITYTAB>
    <DDTEXT>System-Umgebung Id</DDTEXT>
   </DD01V>
  </asx:values>
 </asx:abap>
</abapGit>
