﻿<?xml version="1.0" encoding="utf-8"?>
<abapGit version="v1.0.0" serializer="LCL_OBJECT_DTEL" serializer_version="v1.0.0">
 <asx:abap xmlns:asx="http://www.sap.com/abapxml" version="1.0">
  <asx:values>
   <DD04V>
    <ROLLNAME>/BVCCSAP/K7_ADMISSIONDATE</ROLLNAME>
    <DDLANGUAGE>D</DDLANGUAGE>
    <DOMNAME>DATS</DOMNAME>
    <HEADLEN>19</HEADLEN>
    <SCRLEN1>10</SCRLEN1>
    <SCRLEN2>20</SCRLEN2>
    <SCRLEN3>40</SCRLEN3>
    <DDTEXT>Datum der Aufnahme</DDTEXT>
    <REPTEXT>Datum der Aufnahme</REPTEXT>
    <SCRTEXT_S>Datum Aufn</SCRTEXT_S>
    <SCRTEXT_M>Datum Aufnahme</SCRTEXT_M>
    <SCRTEXT_L>Datum der Aufnahme</SCRTEXT_L>
    <DTELMASTER>D</DTELMASTER>
    <REFKIND>D</REFKIND>
   </DD04V>
  </asx:values>
 </asx:abap>
</abapGit>
