﻿<?xml version="1.0" encoding="utf-8"?>
<abapGit version="v1.0.0" serializer="LCL_OBJECT_DTEL" serializer_version="v1.0.0">
 <asx:abap xmlns:asx="http://www.sap.com/abapxml" version="1.0">
  <asx:values>
   <DD04V>
    <ROLLNAME>/BVCCSAP/K7_SAP_ACC_DOCUMENT</ROLLNAME>
    <DDLANGUAGE>D</DDLANGUAGE>
    <DOMNAME>XFELD</DOMNAME>
    <HEADLEN>25</HEADLEN>
    <SCRLEN1>10</SCRLEN1>
    <SCRLEN2>20</SCRLEN2>
    <SCRLEN3>40</SCRLEN3>
    <DDTEXT>SAP Buchungsbeleg ja/nein</DDTEXT>
    <REPTEXT>SAP Buchungsbeleg ja/nein</REPTEXT>
    <SCRTEXT_S>SAP BuBe</SCRTEXT_S>
    <SCRTEXT_M>SAP BuBe ja/nein</SCRTEXT_M>
    <SCRTEXT_L>SAP Buchungsbeleg ja/nein</SCRTEXT_L>
    <DTELMASTER>D</DTELMASTER>
    <REFKIND>D</REFKIND>
   </DD04V>
  </asx:values>
 </asx:abap>
</abapGit>
