﻿<?xml version="1.0" encoding="utf-8"?>
<abapGit version="v1.0.0" serializer="LCL_OBJECT_DOMA" serializer_version="v1.0.0">
 <asx:abap xmlns:asx="http://www.sap.com/abapxml" version="1.0">
  <asx:values>
   <DD01V>
    <DOMNAME>/BVCCSAP/K7_OPTION</DOMNAME>
    <DDLANGUAGE>D</DDLANGUAGE>
    <DATATYPE>CHAR</DATATYPE>
    <LENG>000002</LENG>
    <OUTPUTLEN>000002</OUTPUTLEN>
    <VALEXI>X</VALEXI>
    <DDTEXT>Vergleichsoperator</DDTEXT>
   </DD01V>
   <DD07V_TAB>
    <DD07V>
     <DOMNAME>/BVCCSAP/K7_OPTION</DOMNAME>
     <VALPOS>0001</VALPOS>
     <DDLANGUAGE>D</DDLANGUAGE>
     <DOMVALUE_L>EQ</DOMVALUE_L>
     <DDTEXT>=</DDTEXT>
    </DD07V>
    <DD07V>
     <DOMNAME>/BVCCSAP/K7_OPTION</DOMNAME>
     <VALPOS>0002</VALPOS>
     <DDLANGUAGE>D</DDLANGUAGE>
     <DOMVALUE_L>NE</DOMVALUE_L>
     <DDTEXT>&lt;&gt;</DDTEXT>
    </DD07V>
    <DD07V>
     <DOMNAME>/BVCCSAP/K7_OPTION</DOMNAME>
     <VALPOS>0003</VALPOS>
     <DDLANGUAGE>D</DDLANGUAGE>
     <DOMVALUE_L>GT</DOMVALUE_L>
     <DDTEXT>&gt;</DDTEXT>
    </DD07V>
    <DD07V>
     <DOMNAME>/BVCCSAP/K7_OPTION</DOMNAME>
     <VALPOS>0004</VALPOS>
     <DDLANGUAGE>D</DDLANGUAGE>
     <DOMVALUE_L>GE</DOMVALUE_L>
     <DDTEXT>&gt;=</DDTEXT>
    </DD07V>
    <DD07V>
     <DOMNAME>/BVCCSAP/K7_OPTION</DOMNAME>
     <VALPOS>0005</VALPOS>
     <DDLANGUAGE>D</DDLANGUAGE>
     <DOMVALUE_L>LT</DOMVALUE_L>
     <DDTEXT>&lt;</DDTEXT>
    </DD07V>
    <DD07V>
     <DOMNAME>/BVCCSAP/K7_OPTION</DOMNAME>
     <VALPOS>0006</VALPOS>
     <DDLANGUAGE>D</DDLANGUAGE>
     <DOMVALUE_L>LE</DOMVALUE_L>
     <DDTEXT>&lt;=</DDTEXT>
    </DD07V>
    <DD07V>
     <DOMNAME>/BVCCSAP/K7_OPTION</DOMNAME>
     <VALPOS>0007</VALPOS>
     <DDLANGUAGE>D</DDLANGUAGE>
     <DOMVALUE_L>BT</DOMVALUE_L>
     <DDTEXT>&lt;= x &lt;=</DDTEXT>
    </DD07V>
   </DD07V_TAB>
   <I18N_LANGS>
    <LANGU>E</LANGU>
    <LANGU>F</LANGU>
    <LANGU>I</LANGU>
   </I18N_LANGS>
   <DD01_TEXTS>
    <item>
     <DDLANGUAGE>E</DDLANGUAGE>
     <DDTEXT>Relational Operator</DDTEXT>
    </item>
    <item>
     <DDLANGUAGE>F</DDLANGUAGE>
     <DDTEXT>Opérateur relationnel</DDTEXT>
    </item>
    <item>
     <DDLANGUAGE>I</DDLANGUAGE>
     <DDTEXT>Operatore di confronto</DDTEXT>
    </item>
   </DD01_TEXTS>
   <DD07_TEXTS>
    <item>
     <VALPOS>0001</VALPOS>
     <DDLANGUAGE>E</DDLANGUAGE>
     <DOMVALUE_L>EQ</DOMVALUE_L>
     <DDTEXT>Equal (=)</DDTEXT>
    </item>
    <item>
     <VALPOS>0001</VALPOS>
     <DDLANGUAGE>F</DDLANGUAGE>
     <DOMVALUE_L>EQ</DOMVALUE_L>
     <DDTEXT>Egal (=)</DDTEXT>
    </item>
    <item>
     <VALPOS>0001</VALPOS>
     <DDLANGUAGE>I</DDLANGUAGE>
     <DOMVALUE_L>EQ</DOMVALUE_L>
     <DDTEXT>Uguaglianza (=)</DDTEXT>
    </item>
    <item>
     <VALPOS>0002</VALPOS>
     <DDLANGUAGE>E</DDLANGUAGE>
     <DOMVALUE_L>NE</DOMVALUE_L>
     <DDTEXT>Not equal (&lt;&gt;)</DDTEXT>
    </item>
    <item>
     <VALPOS>0002</VALPOS>
     <DDLANGUAGE>F</DDLANGUAGE>
     <DOMVALUE_L>NE</DOMVALUE_L>
     <DDTEXT>Différent (&lt;&gt;)</DDTEXT>
    </item>
    <item>
     <VALPOS>0002</VALPOS>
     <DDLANGUAGE>I</DDLANGUAGE>
     <DOMVALUE_L>NE</DOMVALUE_L>
     <DDTEXT>Disuguaglianza (&lt;&gt;)</DDTEXT>
    </item>
    <item>
     <VALPOS>0003</VALPOS>
     <DDLANGUAGE>E</DDLANGUAGE>
     <DOMVALUE_L>GT</DOMVALUE_L>
     <DDTEXT>Greater than (&gt;)</DDTEXT>
    </item>
    <item>
     <VALPOS>0003</VALPOS>
     <DDLANGUAGE>F</DDLANGUAGE>
     <DOMVALUE_L>GT</DOMVALUE_L>
     <DDTEXT>Supérieur à  (&gt;)</DDTEXT>
    </item>
    <item>
     <VALPOS>0003</VALPOS>
     <DDLANGUAGE>I</DDLANGUAGE>
     <DOMVALUE_L>GT</DOMVALUE_L>
     <DDTEXT>Maggiore di (&gt;)</DDTEXT>
    </item>
    <item>
     <VALPOS>0004</VALPOS>
     <DDLANGUAGE>E</DDLANGUAGE>
     <DOMVALUE_L>GE</DOMVALUE_L>
     <DDTEXT>Greater than or equal (&gt;=)</DDTEXT>
    </item>
    <item>
     <VALPOS>0004</VALPOS>
     <DDLANGUAGE>F</DDLANGUAGE>
     <DOMVALUE_L>GE</DOMVALUE_L>
     <DDTEXT>Supérieur ou égal à (&gt;=)</DDTEXT>
    </item>
    <item>
     <VALPOS>0004</VALPOS>
     <DDLANGUAGE>I</DDLANGUAGE>
     <DOMVALUE_L>GE</DOMVALUE_L>
     <DDTEXT>Maggiore o uguale (&gt;=)</DDTEXT>
    </item>
    <item>
     <VALPOS>0005</VALPOS>
     <DDLANGUAGE>E</DDLANGUAGE>
     <DOMVALUE_L>LT</DOMVALUE_L>
     <DDTEXT>Less than (&lt;)</DDTEXT>
    </item>
    <item>
     <VALPOS>0005</VALPOS>
     <DDLANGUAGE>F</DDLANGUAGE>
     <DOMVALUE_L>LT</DOMVALUE_L>
     <DDTEXT>Inférieur à (&lt;)</DDTEXT>
    </item>
    <item>
     <VALPOS>0005</VALPOS>
     <DDLANGUAGE>I</DDLANGUAGE>
     <DOMVALUE_L>LT</DOMVALUE_L>
     <DDTEXT>Minore di (&lt;)</DDTEXT>
    </item>
    <item>
     <VALPOS>0006</VALPOS>
     <DDLANGUAGE>E</DDLANGUAGE>
     <DOMVALUE_L>LE</DOMVALUE_L>
     <DDTEXT>Less than or equal (&lt;=)</DDTEXT>
    </item>
    <item>
     <VALPOS>0006</VALPOS>
     <DDLANGUAGE>F</DDLANGUAGE>
     <DOMVALUE_L>LE</DOMVALUE_L>
     <DDTEXT>Inférieur ou égal (&lt;=)</DDTEXT>
    </item>
    <item>
     <VALPOS>0006</VALPOS>
     <DDLANGUAGE>I</DDLANGUAGE>
     <DOMVALUE_L>LE</DOMVALUE_L>
     <DDTEXT>Minore o uguale (&lt;=)</DDTEXT>
    </item>
    <item>
     <VALPOS>0007</VALPOS>
     <DDLANGUAGE>E</DDLANGUAGE>
     <DOMVALUE_L>BT</DOMVALUE_L>
     <DDTEXT>Lower limit &lt;= x &lt;= Upper limit (BETWEEN)</DDTEXT>
    </item>
    <item>
     <VALPOS>0007</VALPOS>
     <DDLANGUAGE>F</DDLANGUAGE>
     <DOMVALUE_L>BT</DOMVALUE_L>
     <DDTEXT>Compris entre (... &lt;=  x  &lt;= ...)</DDTEXT>
    </item>
    <item>
     <VALPOS>0007</VALPOS>
     <DDLANGUAGE>I</DDLANGUAGE>
     <DOMVALUE_L>BT</DOMVALUE_L>
     <DDTEXT>Limite minimo &lt;= x &lt;= limite massimo (BETWEEN)</DDTEXT>
    </item>
   </DD07_TEXTS>
  </asx:values>
 </asx:abap>
</abapGit>
