﻿<?xml version="1.0" encoding="utf-8"?>
<abapGit version="v1.0.0" serializer="LCL_OBJECT_DTEL" serializer_version="v1.0.0">
 <asx:abap xmlns:asx="http://www.sap.com/abapxml" version="1.0">
  <asx:values>
   <DD04V>
    <ROLLNAME>/BVCCSAP/K7_VERSION_ID</ROLLNAME>
    <DDLANGUAGE>D</DDLANGUAGE>
    <DOMNAME>NUMC10</DOMNAME>
    <HEADLEN>10</HEADLEN>
    <SCRLEN1>10</SCRLEN1>
    <SCRLEN2>10</SCRLEN2>
    <SCRLEN3>10</SCRLEN3>
    <DDTEXT>Version Id</DDTEXT>
    <REPTEXT>Version</REPTEXT>
    <SCRTEXT_S>Version</SCRTEXT_S>
    <SCRTEXT_M>Version</SCRTEXT_M>
    <SCRTEXT_L>Version</SCRTEXT_L>
    <DTELMASTER>D</DTELMASTER>
    <REFKIND>D</REFKIND>
   </DD04V>
  </asx:values>
 </asx:abap>
</abapGit>
