﻿<?xml version="1.0" encoding="utf-8"?>
<abapGit version="v1.0.0" serializer="LCL_OBJECT_DTEL" serializer_version="v1.0.0">
 <asx:abap xmlns:asx="http://www.sap.com/abapxml" version="1.0">
  <asx:values>
   <DD04V>
    <ROLLNAME>/BVCCSAP/K7_MESSAGEID_FULL</ROLLNAME>
    <DDLANGUAGE>D</DDLANGUAGE>
    <HEADLEN>09</HEADLEN>
    <SCRLEN1>05</SCRLEN1>
    <SCRLEN2>09</SCRLEN2>
    <SCRLEN3>09</SCRLEN3>
    <DDTEXT>MessageId</DDTEXT>
    <REPTEXT>MessageId</REPTEXT>
    <SCRTEXT_S>MsgId</SCRTEXT_S>
    <SCRTEXT_M>MessageId</SCRTEXT_M>
    <SCRTEXT_L>MessageId</SCRTEXT_L>
    <DTELMASTER>D</DTELMASTER>
    <DATATYPE>CHAR</DATATYPE>
    <LENG>000010</LENG>
    <OUTPUTLEN>000010</OUTPUTLEN>
   </DD04V>
  </asx:values>
 </asx:abap>
</abapGit>
