﻿<?xml version="1.0" encoding="utf-8"?>
<abapGit version="v1.0.0" serializer="LCL_OBJECT_DTEL" serializer_version="v1.0.0">
 <asx:abap xmlns:asx="http://www.sap.com/abapxml" version="1.0">
  <asx:values>
   <DD04V>
    <ROLLNAME>/BVCCSAP/K7_FORMULAR_DESC_IT</ROLLNAME>
    <DDLANGUAGE>D</DDLANGUAGE>
    <DOMNAME>STRING</DOMNAME>
    <HEADLEN>32</HEADLEN>
    <SCRLEN1>09</SCRLEN1>
    <SCRLEN2>16</SCRLEN2>
    <SCRLEN3>32</SCRLEN3>
    <DDTEXT>Formular Bezeichnung Italienisch</DDTEXT>
    <REPTEXT>Formular Bezeichnung Italienisch</REPTEXT>
    <SCRTEXT_S>FormBezIT</SCRTEXT_S>
    <SCRTEXT_M>Formular Bez. IT</SCRTEXT_M>
    <SCRTEXT_L>Formular Bezeichnung Italienisch</SCRTEXT_L>
    <DTELMASTER>D</DTELMASTER>
    <REFKIND>D</REFKIND>
   </DD04V>
  </asx:values>
 </asx:abap>
</abapGit>
