﻿<?xml version="1.0" encoding="utf-8"?>
<abapGit version="v1.0.0" serializer="LCL_OBJECT_TABL" serializer_version="v1.0.0">
 <asx:abap xmlns:asx="http://www.sap.com/abapxml" version="1.0">
  <asx:values>
   <DD02V>
    <TABNAME>/BVCCSAP/K7_CANTON_DATA_TS</TABNAME>
    <DDLANGUAGE>D</DDLANGUAGE>
    <TABCLASS>INTTAB</TABCLASS>
    <DDTEXT>Daten des Kanton</DDTEXT>
    <EXCLASS>3</EXCLASS>
   </DD02V>
   <DD03P_TABLE>
    <DD03P>
     <TABNAME>/BVCCSAP/K7_CANTON_DATA_TS</TABNAME>
     <FIELDNAME>CANTONID</FIELDNAME>
     <POSITION>0001</POSITION>
     <ROLLNAME>/BVCCSAP/K7_CANTONIDTYPE</ROLLNAME>
     <ADMINFIELD>0</ADMINFIELD>
     <COMPTYPE>E</COMPTYPE>
    </DD03P>
    <DD03P>
     <TABNAME>/BVCCSAP/K7_CANTON_DATA_TS</TABNAME>
     <FIELDNAME>CANTONABBREVIATION</FIELDNAME>
     <POSITION>0002</POSITION>
     <ROLLNAME>/BVCCSAP/K7_CANTONABBREVIATION</ROLLNAME>
     <ADMINFIELD>0</ADMINFIELD>
     <VALEXI>X</VALEXI>
     <SHLPORIGIN>F</SHLPORIGIN>
     <COMPTYPE>E</COMPTYPE>
    </DD03P>
    <DD03P>
     <TABNAME>/BVCCSAP/K7_CANTON_DATA_TS</TABNAME>
     <FIELDNAME>CANTONLONGNAME</FIELDNAME>
     <POSITION>0003</POSITION>
     <ROLLNAME>/BVCCSAP/K7_CANTONLONGNAME</ROLLNAME>
     <ADMINFIELD>0</ADMINFIELD>
     <COMPTYPE>E</COMPTYPE>
    </DD03P>
    <DD03P>
     <TABNAME>/BVCCSAP/K7_CANTON_DATA_TS</TABNAME>
     <FIELDNAME>CANTONDATEOFCHANGE</FIELDNAME>
     <POSITION>0004</POSITION>
     <ROLLNAME>/BVCCSAP/K7_DATEOFCHANGE</ROLLNAME>
     <ADMINFIELD>0</ADMINFIELD>
     <SHLPORIGIN>T</SHLPORIGIN>
     <COMPTYPE>E</COMPTYPE>
    </DD03P>
    <DD03P>
     <TABNAME>/BVCCSAP/K7_CANTON_DATA_TS</TABNAME>
     <FIELDNAME>VERSION_ID</FIELDNAME>
     <POSITION>0005</POSITION>
     <ROLLNAME>/BVCCSAP/K7_VERSION_ID</ROLLNAME>
     <ADMINFIELD>0</ADMINFIELD>
     <COMPTYPE>E</COMPTYPE>
    </DD03P>
   </DD03P_TABLE>
  </asx:values>
 </asx:abap>
</abapGit>
