﻿<?xml version="1.0" encoding="utf-8"?>
<abapGit version="v1.0.0" serializer="LCL_OBJECT_TABL" serializer_version="v1.0.0">
 <asx:abap xmlns:asx="http://www.sap.com/abapxml" version="1.0">
  <asx:values>
   <DD02V>
    <TABNAME>/BVCCSAP/K7_VERSION_EXT_STRUC</TABNAME>
    <DDLANGUAGE>D</DDLANGUAGE>
    <TABCLASS>INTTAB</TABCLASS>
    <LANGDEP>X</LANGDEP>
    <DDTEXT>Version External Struktur</DDTEXT>
    <EXCLASS>4</EXCLASS>
   </DD02V>
   <DD03P_TABLE>
    <DD03P>
     <TABNAME>/BVCCSAP/K7_VERSION_EXT_STRUC</TABNAME>
     <FIELDNAME>.INCLUDE</FIELDNAME>
     <DDLANGUAGE>D</DDLANGUAGE>
     <POSITION>0001</POSITION>
     <ADMINFIELD>0</ADMINFIELD>
     <PRECFIELD>/BVCCSAP/K7_0560</PRECFIELD>
     <MASK>      S</MASK>
     <DDTEXT>Codelisten Version</DDTEXT>
     <COMPTYPE>S</COMPTYPE>
     <GROUPNAME>K7_0550</GROUPNAME>
    </DD03P>
    <DD03P>
     <TABNAME>/BVCCSAP/K7_VERSION_EXT_STRUC</TABNAME>
     <FIELDNAME>VERSION_DESC</FIELDNAME>
     <DDLANGUAGE>D</DDLANGUAGE>
     <POSITION>0009</POSITION>
     <ADMINFIELD>0</ADMINFIELD>
     <INTTYPE>g</INTTYPE>
     <INTLEN>000008</INTLEN>
     <DATATYPE>STRG</DATATYPE>
     <MASK>  STRG</MASK>
    </DD03P>
   </DD03P_TABLE>
  </asx:values>
 </asx:abap>
</abapGit>
