﻿<?xml version="1.0" encoding="utf-8"?>
<abapGit version="v1.0.0" serializer="LCL_OBJECT_DTEL" serializer_version="v1.0.0">
 <asx:abap xmlns:asx="http://www.sap.com/abapxml" version="1.0">
  <asx:values>
   <DD04V>
    <ROLLNAME>/BVCCSAP/K7_ABOLITIONNUMBER</ROLLNAME>
    <DDLANGUAGE>D</DDLANGUAGE>
    <DOMNAME>NUMC4</DOMNAME>
    <HEADLEN>25</HEADLEN>
    <SCRLEN1>10</SCRLEN1>
    <SCRLEN2>20</SCRLEN2>
    <SCRLEN3>40</SCRLEN3>
    <DDTEXT>Mutationsnummer Aufhebung</DDTEXT>
    <REPTEXT>Mutationsnummer Aufhebung</REPTEXT>
    <SCRTEXT_S>MutNr Aufh</SCRTEXT_S>
    <SCRTEXT_M>MutNr Aufhebung</SCRTEXT_M>
    <SCRTEXT_L>Mutationsnummer Aufhebung</SCRTEXT_L>
    <DTELMASTER>D</DTELMASTER>
    <REFKIND>D</REFKIND>
   </DD04V>
  </asx:values>
 </asx:abap>
</abapGit>
