﻿<?xml version="1.0" encoding="utf-8"?>
<abapGit version="v1.0.0" serializer="LCL_OBJECT_DTEL" serializer_version="v1.0.0">
 <asx:abap xmlns:asx="http://www.sap.com/abapxml" version="1.0">
  <asx:values>
   <DD04V>
    <ROLLNAME>/BVCCSAP/K7_PUBLISH_TO_E2</ROLLNAME>
    <DDLANGUAGE>D</DDLANGUAGE>
    <DOMNAME>XFELD</DOMNAME>
    <HEADLEN>19</HEADLEN>
    <SCRLEN1>10</SCRLEN1>
    <SCRLEN2>20</SCRLEN2>
    <SCRLEN3>40</SCRLEN3>
    <DDTEXT>Nach E2 publizieren</DDTEXT>
    <REPTEXT>Nach E2 publizieren</REPTEXT>
    <SCRTEXT_S>PublToE2</SCRTEXT_S>
    <SCRTEXT_M>Nach E2 publizieren</SCRTEXT_M>
    <SCRTEXT_L>Nach E2 publizieren</SCRTEXT_L>
    <DTELMASTER>D</DTELMASTER>
    <REFKIND>D</REFKIND>
   </DD04V>
  </asx:values>
 </asx:abap>
</abapGit>
