﻿<?xml version="1.0" encoding="utf-8"?>
<abapGit version="v1.0.0" serializer="LCL_OBJECT_DTEL" serializer_version="v1.0.0">
 <asx:abap xmlns:asx="http://www.sap.com/abapxml" version="1.0">
  <asx:values>
   <DD04V>
    <ROLLNAME>/BVCCSAP/K7_OPTION</ROLLNAME>
    <DDLANGUAGE>D</DDLANGUAGE>
    <DOMNAME>/BVCCSAP/K7_OPTION</DOMNAME>
    <HEADLEN>03</HEADLEN>
    <SCRLEN1>10</SCRLEN1>
    <SCRLEN2>10</SCRLEN2>
    <SCRLEN3>10</SCRLEN3>
    <DDTEXT>Vergleichsoperator (EQ, NE, GT, LT, GE, LE)</DDTEXT>
    <REPTEXT>Opt</REPTEXT>
    <SCRTEXT_S>Option</SCRTEXT_S>
    <SCRTEXT_M>Option</SCRTEXT_M>
    <SCRTEXT_L>Option</SCRTEXT_L>
    <DTELMASTER>D</DTELMASTER>
    <REFKIND>D</REFKIND>
   </DD04V>
   <I18N_LANGS>
    <LANGU>E</LANGU>
    <LANGU>F</LANGU>
    <LANGU>I</LANGU>
   </I18N_LANGS>
   <DD04_TEXTS>
    <item>
     <DDLANGUAGE>E</DDLANGUAGE>
     <DDTEXT>Relational operator (EQ, NE, GT, LT, GE, LE)</DDTEXT>
     <REPTEXT>Opt</REPTEXT>
     <SCRTEXT_S>Option</SCRTEXT_S>
     <SCRTEXT_M>Option</SCRTEXT_M>
     <SCRTEXT_L>Option</SCRTEXT_L>
    </item>
    <item>
     <DDLANGUAGE>F</DDLANGUAGE>
     <DDTEXT>Opérateur de comparaison (EQ,NE,GT,LT,GE,LE)</DDTEXT>
     <REPTEXT>Opt</REPTEXT>
     <SCRTEXT_S>Option</SCRTEXT_S>
     <SCRTEXT_M>Option</SCRTEXT_M>
     <SCRTEXT_L>Option</SCRTEXT_L>
    </item>
    <item>
     <DDLANGUAGE>I</DDLANGUAGE>
     <DDTEXT>Operatore relazionale (EQ, NE, GT, LT, GE, LE)</DDTEXT>
     <REPTEXT>Opz</REPTEXT>
     <SCRTEXT_S>Opzione</SCRTEXT_S>
     <SCRTEXT_M>Opzione</SCRTEXT_M>
     <SCRTEXT_L>Opzione</SCRTEXT_L>
    </item>
   </DD04_TEXTS>
  </asx:values>
 </asx:abap>
</abapGit>
