﻿<?xml version="1.0" encoding="utf-8"?>
<abapGit version="v1.0.0" serializer="LCL_OBJECT_DOMA" serializer_version="v1.0.0">
 <asx:abap xmlns:asx="http://www.sap.com/abapxml" version="1.0">
  <asx:values>
   <DD01V>
    <DOMNAME>/BVCCSAP/K7_APPLICATION_SCOPE</DOMNAME>
    <DDLANGUAGE>D</DDLANGUAGE>
    <DATATYPE>CHAR</DATATYPE>
    <LENG>000020</LENG>
    <OUTPUTLEN>000020</OUTPUTLEN>
    <LOWERCASE>X</LOWERCASE>
    <ENTITYTAB>/BVCCSAP/K7_0506</ENTITYTAB>
    <DDTEXT>Anwendungsbereich</DDTEXT>
   </DD01V>
  </asx:values>
 </asx:abap>
</abapGit>
