﻿<?xml version="1.0" encoding="utf-8"?>
<abapGit version="v1.0.0" serializer="LCL_OBJECT_DTEL" serializer_version="v1.0.0">
 <asx:abap xmlns:asx="http://www.sap.com/abapxml" version="1.0">
  <asx:values>
   <DD04V>
    <ROLLNAME>/BVCCSAP/K7_FIELDNAME_DESC</ROLLNAME>
    <DDLANGUAGE>D</DDLANGUAGE>
    <DOMNAME>FDNAME</DOMNAME>
    <MEMORYID>DFD</MEMORYID>
    <HEADLEN>30</HEADLEN>
    <SCRLEN1>10</SCRLEN1>
    <SCRLEN2>20</SCRLEN2>
    <SCRLEN3>40</SCRLEN3>
    <DDTEXT>Feldname für Selektion aus Texttabelle</DDTEXT>
    <REPTEXT>Feld TxTab</REPTEXT>
    <SCRTEXT_S>Feld TxTab</SCRTEXT_S>
    <SCRTEXT_M>Feld Selektion TxTab</SCRTEXT_M>
    <SCRTEXT_L>Feldname für Selektion aus Texttabelle</SCRTEXT_L>
    <APPLCLASS>SDIC</APPLCLASS>
    <AUTHCLASS>01</AUTHCLASS>
    <DTELMASTER>D</DTELMASTER>
    <REFKIND>D</REFKIND>
   </DD04V>
   <I18N_LANGS>
    <LANGU>E</LANGU>
    <LANGU>F</LANGU>
    <LANGU>I</LANGU>
   </I18N_LANGS>
   <DD04_TEXTS>
    <item>
     <DDLANGUAGE>E</DDLANGUAGE>
     <DDTEXT>Field Name</DDTEXT>
     <REPTEXT>Field Name</REPTEXT>
     <SCRTEXT_S>Field</SCRTEXT_S>
     <SCRTEXT_M>Field Name</SCRTEXT_M>
     <SCRTEXT_L>Field Name</SCRTEXT_L>
    </item>
    <item>
     <DDLANGUAGE>F</DDLANGUAGE>
     <DDTEXT>Nom de zone</DDTEXT>
     <REPTEXT>Nom zone</REPTEXT>
     <SCRTEXT_S>Zone</SCRTEXT_S>
     <SCRTEXT_M>Nom de zone</SCRTEXT_M>
     <SCRTEXT_L>Nom de zone</SCRTEXT_L>
    </item>
    <item>
     <DDLANGUAGE>I</DDLANGUAGE>
     <DDTEXT>Nome campo</DDTEXT>
     <REPTEXT>Nome campo</REPTEXT>
     <SCRTEXT_S>Campo</SCRTEXT_S>
     <SCRTEXT_M>Nome campo</SCRTEXT_M>
     <SCRTEXT_L>Nome campo</SCRTEXT_L>
    </item>
   </DD04_TEXTS>
  </asx:values>
 </asx:abap>
</abapGit>
