﻿<?xml version="1.0" encoding="utf-8"?>
<abapGit version="v1.0.0" serializer="LCL_OBJECT_WDYA" serializer_version="v1.0.0">
 <asx:abap xmlns:asx="http://www.sap.com/abapxml" version="1.0">
  <asx:values>
   <APP>
    <APPLICATION_NAME>/BVCCSAP/K7_CODELIST_MGMT</APPLICATION_NAME>
    <COMPONENT>/BVCCSAP/K7_CODELIST_MGMT</COMPONENT>
    <STARTUP_VIEW>W_MAIN</STARTUP_VIEW>
    <STARTUP_PLUG>DEFAULT</STARTUP_PLUG>
    <DISPLAY_NAME>/BVCCSAP/K7_CODELIST_MGMT</DISPLAY_NAME>
   </APP>
   <PROPERTIES>
    <WDY_APP_PROPERTY>
     <APPLICATION_NAME>/BVCCSAP/K7_CODELIST_MGMT</APPLICATION_NAME>
     <NAME>WDLIGHTSPEED</NAME>
     <VALUE>true</VALUE>
    </WDY_APP_PROPERTY>
   </PROPERTIES>
  </asx:values>
 </asx:abap>
</abapGit>
