﻿<?xml version="1.0" encoding="utf-8"?>
<abapGit version="v1.0.0" serializer="LCL_OBJECT_TABL" serializer_version="v1.0.0">
 <asx:abap xmlns:asx="http://www.sap.com/abapxml" version="1.0">
  <asx:values>
   <DD02V>
    <TABNAME>/BVCCSAP/K7_0550</TABNAME>
    <DDLANGUAGE>D</DDLANGUAGE>
    <TABCLASS>TRANSP</TABCLASS>
    <CLIDEP>X</CLIDEP>
    <DDTEXT>Infocarrier Codes</DDTEXT>
    <MAINFLAG>X</MAINFLAG>
    <CONTFLAG>C</CONTFLAG>
    <EXCLASS>4</EXCLASS>
   </DD02V>
   <DD09L>
    <TABNAME>/BVCCSAP/K7_0550</TABNAME>
    <AS4LOCAL>A</AS4LOCAL>
    <TABKAT>0</TABKAT>
    <TABART>APPL2</TABART>
    <BUFALLOW>N</BUFALLOW>
   </DD09L>
   <DD03P_TABLE>
    <DD03P>
     <TABNAME>/BVCCSAP/K7_0550</TABNAME>
     <FIELDNAME>MANDT</FIELDNAME>
     <POSITION>0001</POSITION>
     <KEYFLAG>X</KEYFLAG>
     <ROLLNAME>MANDT</ROLLNAME>
     <CHECKTABLE>T000</CHECKTABLE>
     <ADMINFIELD>0</ADMINFIELD>
     <NOTNULL>X</NOTNULL>
     <SHLPORIGIN>P</SHLPORIGIN>
     <COMPTYPE>E</COMPTYPE>
    </DD03P>
    <DD03P>
     <TABNAME>/BVCCSAP/K7_0550</TABNAME>
     <FIELDNAME>INFO_CARRIER_ID</FIELDNAME>
     <POSITION>0002</POSITION>
     <KEYFLAG>X</KEYFLAG>
     <ROLLNAME>/BVCCSAP/K7_INFOCARRIER_ID</ROLLNAME>
     <ADMINFIELD>0</ADMINFIELD>
     <NOTNULL>X</NOTNULL>
     <COMPTYPE>E</COMPTYPE>
    </DD03P>
    <DD03P>
     <TABNAME>/BVCCSAP/K7_0550</TABNAME>
     <FIELDNAME>VERSION_ID</FIELDNAME>
     <POSITION>0003</POSITION>
     <KEYFLAG>X</KEYFLAG>
     <ROLLNAME>/BVCCSAP/K7_VERSION_ID</ROLLNAME>
     <CHECKTABLE>/BVCCSAP/K7_0560</CHECKTABLE>
     <ADMINFIELD>0</ADMINFIELD>
     <NOTNULL>X</NOTNULL>
     <SHLPORIGIN>P</SHLPORIGIN>
     <COMPTYPE>E</COMPTYPE>
    </DD03P>
    <DD03P>
     <TABNAME>/BVCCSAP/K7_0550</TABNAME>
     <FIELDNAME>REC_STATE</FIELDNAME>
     <POSITION>0004</POSITION>
     <ROLLNAME>/BVCCSAP/K7_REC_STATE</ROLLNAME>
     <ADMINFIELD>0</ADMINFIELD>
     <VALEXI>X</VALEXI>
     <SHLPORIGIN>F</SHLPORIGIN>
     <COMPTYPE>E</COMPTYPE>
    </DD03P>
    <DD03P>
     <TABNAME>/BVCCSAP/K7_0550</TABNAME>
     <FIELDNAME>REC_STATE_DDMM</FIELDNAME>
     <POSITION>0005</POSITION>
     <ROLLNAME>/BVCCSAP/K7_REC_STATE_DDMM</ROLLNAME>
     <ADMINFIELD>0</ADMINFIELD>
     <COMPTYPE>E</COMPTYPE>
    </DD03P>
    <DD03P>
     <TABNAME>/BVCCSAP/K7_0550</TABNAME>
     <FIELDNAME>VALID_FROM</FIELDNAME>
     <POSITION>0006</POSITION>
     <ROLLNAME>/BVCCSAP/K7_VALID_FROM</ROLLNAME>
     <ADMINFIELD>0</ADMINFIELD>
     <SHLPORIGIN>T</SHLPORIGIN>
     <COMPTYPE>E</COMPTYPE>
    </DD03P>
    <DD03P>
     <TABNAME>/BVCCSAP/K7_0550</TABNAME>
     <FIELDNAME>VALID_TO</FIELDNAME>
     <POSITION>0007</POSITION>
     <ROLLNAME>/BVCCSAP/K7_VALID_TO</ROLLNAME>
     <ADMINFIELD>0</ADMINFIELD>
     <SHLPORIGIN>T</SHLPORIGIN>
     <COMPTYPE>E</COMPTYPE>
    </DD03P>
    <DD03P>
     <TABNAME>/BVCCSAP/K7_0550</TABNAME>
     <FIELDNAME>APPLICATION_SCOPE</FIELDNAME>
     <POSITION>0008</POSITION>
     <ROLLNAME>/BVCCSAP/K7_APPLICATION_SCOPE</ROLLNAME>
     <ADMINFIELD>0</ADMINFIELD>
     <COMPTYPE>E</COMPTYPE>
    </DD03P>
    <DD03P>
     <TABNAME>/BVCCSAP/K7_0550</TABNAME>
     <FIELDNAME>BUS_PROCESS_ID</FIELDNAME>
     <POSITION>0009</POSITION>
     <ROLLNAME>/BVCCSAP/K7_BUS_PROCESS_TYPE</ROLLNAME>
     <ADMINFIELD>0</ADMINFIELD>
     <COMPTYPE>E</COMPTYPE>
    </DD03P>
    <DD03P>
     <TABNAME>/BVCCSAP/K7_0550</TABNAME>
     <FIELDNAME>BUS_DATA_CONTEXT</FIELDNAME>
     <POSITION>0010</POSITION>
     <ROLLNAME>/BVCCSAP/K7_BUS_DATA_CONTEXT</ROLLNAME>
     <CHECKTABLE>/BVCCSAP/K7_0505</CHECKTABLE>
     <ADMINFIELD>0</ADMINFIELD>
     <SHLPORIGIN>X</SHLPORIGIN>
     <COMPTYPE>E</COMPTYPE>
    </DD03P>
    <DD03P>
     <TABNAME>/BVCCSAP/K7_0550</TABNAME>
     <FIELDNAME>SAP_ACC_DOCUMENT</FIELDNAME>
     <POSITION>0011</POSITION>
     <ROLLNAME>/BVCCSAP/K7_SAP_ACC_DOCUMENT</ROLLNAME>
     <ADMINFIELD>0</ADMINFIELD>
     <VALEXI>X</VALEXI>
     <SHLPORIGIN>F</SHLPORIGIN>
     <COMPTYPE>E</COMPTYPE>
    </DD03P>
    <DD03P>
     <TABNAME>/BVCCSAP/K7_0550</TABNAME>
     <FIELDNAME>FORM_ID</FIELDNAME>
     <POSITION>0012</POSITION>
     <ROLLNAME>/BVCCSAP/K7_FORM_ID</ROLLNAME>
     <ADMINFIELD>0</ADMINFIELD>
     <COMPTYPE>E</COMPTYPE>
    </DD03P>
    <DD03P>
     <TABNAME>/BVCCSAP/K7_0550</TABNAME>
     <FIELDNAME>FORMULAR_NR</FIELDNAME>
     <POSITION>0013</POSITION>
     <ROLLNAME>/BVCCSAP/K7_FORMULAR_NR</ROLLNAME>
     <ADMINFIELD>0</ADMINFIELD>
     <COMPTYPE>E</COMPTYPE>
    </DD03P>
    <DD03P>
     <TABNAME>/BVCCSAP/K7_0550</TABNAME>
     <FIELDNAME>DOCUMENT_NR</FIELDNAME>
     <POSITION>0014</POSITION>
     <ROLLNAME>/BVCCSAP/K7_DOCUMENT_NR</ROLLNAME>
     <ADMINFIELD>0</ADMINFIELD>
     <COMPTYPE>E</COMPTYPE>
    </DD03P>
    <DD03P>
     <TABNAME>/BVCCSAP/K7_0550</TABNAME>
     <FIELDNAME>FORMULAR_CATEGORY</FIELDNAME>
     <POSITION>0015</POSITION>
     <ROLLNAME>/BVCCSAP/K7_FORMULAR_CATEGORY</ROLLNAME>
     <ADMINFIELD>0</ADMINFIELD>
     <VALEXI>X</VALEXI>
     <SHLPORIGIN>F</SHLPORIGIN>
     <COMPTYPE>E</COMPTYPE>
    </DD03P>
    <DD03P>
     <TABNAME>/BVCCSAP/K7_0550</TABNAME>
     <FIELDNAME>FORMULAR_DESC_DE</FIELDNAME>
     <POSITION>0016</POSITION>
     <ROLLNAME>/BVCCSAP/K7_FORMULAR_DESC_DE</ROLLNAME>
     <ADMINFIELD>0</ADMINFIELD>
     <COMPTYPE>E</COMPTYPE>
    </DD03P>
    <DD03P>
     <TABNAME>/BVCCSAP/K7_0550</TABNAME>
     <FIELDNAME>FORMULAR_DESC_FR</FIELDNAME>
     <POSITION>0017</POSITION>
     <ROLLNAME>/BVCCSAP/K7_FORMULAR_DESC_FR</ROLLNAME>
     <ADMINFIELD>0</ADMINFIELD>
     <COMPTYPE>E</COMPTYPE>
    </DD03P>
    <DD03P>
     <TABNAME>/BVCCSAP/K7_0550</TABNAME>
     <FIELDNAME>FORMULAR_DESC_IT</FIELDNAME>
     <POSITION>0018</POSITION>
     <ROLLNAME>/BVCCSAP/K7_FORMULAR_DESC_IT</ROLLNAME>
     <ADMINFIELD>0</ADMINFIELD>
     <COMPTYPE>E</COMPTYPE>
    </DD03P>
    <DD03P>
     <TABNAME>/BVCCSAP/K7_0550</TABNAME>
     <FIELDNAME>FORMULAR_LANGUAGES</FIELDNAME>
     <POSITION>0019</POSITION>
     <ROLLNAME>/BVCCSAP/K7_FORMULAR_LANGUAGES</ROLLNAME>
     <ADMINFIELD>0</ADMINFIELD>
     <COMPTYPE>E</COMPTYPE>
    </DD03P>
    <DD03P>
     <TABNAME>/BVCCSAP/K7_0550</TABNAME>
     <FIELDNAME>TEMPLATE_IDS</FIELDNAME>
     <POSITION>0020</POSITION>
     <ROLLNAME>/BVCCSAP/K7_TEMPLATE_IDS</ROLLNAME>
     <ADMINFIELD>0</ADMINFIELD>
     <COMPTYPE>E</COMPTYPE>
    </DD03P>
    <DD03P>
     <TABNAME>/BVCCSAP/K7_0550</TABNAME>
     <FIELDNAME>RECEIVER_APP_ID</FIELDNAME>
     <POSITION>0021</POSITION>
     <ROLLNAME>/BVCCSAP/K7_RECEIVER_APP_ID</ROLLNAME>
     <ADMINFIELD>0</ADMINFIELD>
     <COMPTYPE>E</COMPTYPE>
    </DD03P>
    <DD03P>
     <TABNAME>/BVCCSAP/K7_0550</TABNAME>
     <FIELDNAME>FILENET_SOLUTION</FIELDNAME>
     <POSITION>0022</POSITION>
     <ROLLNAME>/BVCCSAP/K7_FILENET_SOLUTION</ROLLNAME>
     <ADMINFIELD>0</ADMINFIELD>
     <COMPTYPE>E</COMPTYPE>
    </DD03P>
    <DD03P>
     <TABNAME>/BVCCSAP/K7_0550</TABNAME>
     <FIELDNAME>FILENET_REPOSITORY</FIELDNAME>
     <POSITION>0023</POSITION>
     <ROLLNAME>/BVCCSAP/K7_FILENET_REPOSITORY</ROLLNAME>
     <ADMINFIELD>0</ADMINFIELD>
     <COMPTYPE>E</COMPTYPE>
    </DD03P>
    <DD03P>
     <TABNAME>/BVCCSAP/K7_0550</TABNAME>
     <FIELDNAME>REQUESTER</FIELDNAME>
     <POSITION>0024</POSITION>
     <ROLLNAME>/BVCCSAP/K7_REQUESTER</ROLLNAME>
     <ADMINFIELD>0</ADMINFIELD>
     <COMPTYPE>E</COMPTYPE>
    </DD03P>
    <DD03P>
     <TABNAME>/BVCCSAP/K7_0550</TABNAME>
     <FIELDNAME>REQUEST_DATE</FIELDNAME>
     <POSITION>0025</POSITION>
     <ROLLNAME>/BVCCSAP/K7_REQUEST_DATE</ROLLNAME>
     <ADMINFIELD>0</ADMINFIELD>
     <SHLPORIGIN>T</SHLPORIGIN>
     <COMPTYPE>E</COMPTYPE>
    </DD03P>
    <DD03P>
     <TABNAME>/BVCCSAP/K7_0550</TABNAME>
     <FIELDNAME>REQUEST_REMARK</FIELDNAME>
     <POSITION>0026</POSITION>
     <ROLLNAME>/BVCCSAP/K7_REQUEST_REMARK</ROLLNAME>
     <ADMINFIELD>0</ADMINFIELD>
     <COMPTYPE>E</COMPTYPE>
    </DD03P>
    <DD03P>
     <TABNAME>/BVCCSAP/K7_0550</TABNAME>
     <FIELDNAME>DELETED</FIELDNAME>
     <POSITION>0027</POSITION>
     <ROLLNAME>SWI_CANCEL</ROLLNAME>
     <ADMINFIELD>0</ADMINFIELD>
     <VALEXI>X</VALEXI>
     <SHLPORIGIN>F</SHLPORIGIN>
     <COMPTYPE>E</COMPTYPE>
    </DD03P>
   </DD03P_TABLE>
   <DD05M_TABLE>
    <DD05M>
     <TABNAME>/BVCCSAP/K7_0550</TABNAME>
     <FIELDNAME>BUS_DATA_CONTEXT</FIELDNAME>
     <FORTABLE>/BVCCSAP/K7_0550</FORTABLE>
     <FORKEY>MANDT</FORKEY>
     <CHECKTABLE>/BVCCSAP/K7_0505</CHECKTABLE>
     <CHECKFIELD>MANDT</CHECKFIELD>
     <PRIMPOS>0001</PRIMPOS>
     <DOMNAME>MANDT</DOMNAME>
     <DATATYPE>CLNT</DATATYPE>
     <LENG>000003</LENG>
    </DD05M>
    <DD05M>
     <TABNAME>/BVCCSAP/K7_0550</TABNAME>
     <FIELDNAME>BUS_DATA_CONTEXT</FIELDNAME>
     <FORTABLE>/BVCCSAP/K7_0550</FORTABLE>
     <FORKEY>BUS_DATA_CONTEXT</FORKEY>
     <CHECKTABLE>/BVCCSAP/K7_0505</CHECKTABLE>
     <CHECKFIELD>BUS_DATA_CONTEXT</CHECKFIELD>
     <PRIMPOS>0002</PRIMPOS>
     <DOMNAME>/BVCCSAP/K7_BUS_DATA_CONTEXT</DOMNAME>
     <DATATYPE>CHAR</DATATYPE>
     <LENG>000010</LENG>
    </DD05M>
    <DD05M>
     <TABNAME>/BVCCSAP/K7_0550</TABNAME>
     <FIELDNAME>MANDT</FIELDNAME>
     <FORTABLE>/BVCCSAP/K7_0550</FORTABLE>
     <FORKEY>MANDT</FORKEY>
     <CHECKTABLE>T000</CHECKTABLE>
     <CHECKFIELD>MANDT</CHECKFIELD>
     <PRIMPOS>0001</PRIMPOS>
     <DOMNAME>MANDT</DOMNAME>
     <DATATYPE>CLNT</DATATYPE>
     <LENG>000003</LENG>
    </DD05M>
    <DD05M>
     <TABNAME>/BVCCSAP/K7_0550</TABNAME>
     <FIELDNAME>VERSION_ID</FIELDNAME>
     <FORTABLE>/BVCCSAP/K7_0550</FORTABLE>
     <FORKEY>MANDT</FORKEY>
     <CHECKTABLE>/BVCCSAP/K7_0560</CHECKTABLE>
     <CHECKFIELD>MANDT</CHECKFIELD>
     <PRIMPOS>0001</PRIMPOS>
     <DOMNAME>MANDT</DOMNAME>
     <DATATYPE>CLNT</DATATYPE>
     <LENG>000003</LENG>
    </DD05M>
    <DD05M>
     <TABNAME>/BVCCSAP/K7_0550</TABNAME>
     <FIELDNAME>VERSION_ID</FIELDNAME>
     <FORTABLE>&apos;IC&apos;</FORTABLE>
     <CHECKTABLE>/BVCCSAP/K7_0560</CHECKTABLE>
     <CHECKFIELD>CODELIST_TYPE</CHECKFIELD>
     <PRIMPOS>0002</PRIMPOS>
     <DOMNAME>/BVCCSAP/K7_CODELIST_TYPE</DOMNAME>
     <DATATYPE>CHAR</DATATYPE>
     <LENG>000003</LENG>
    </DD05M>
    <DD05M>
     <TABNAME>/BVCCSAP/K7_0550</TABNAME>
     <FIELDNAME>VERSION_ID</FIELDNAME>
     <FORTABLE>/BVCCSAP/K7_0550</FORTABLE>
     <FORKEY>VERSION_ID</FORKEY>
     <CHECKTABLE>/BVCCSAP/K7_0560</CHECKTABLE>
     <CHECKFIELD>VERSION_ID</CHECKFIELD>
     <PRIMPOS>0003</PRIMPOS>
     <DOMNAME>NUMC10</DOMNAME>
     <DATATYPE>NUMC</DATATYPE>
     <LENG>000010</LENG>
    </DD05M>
   </DD05M_TABLE>
   <DD08V_TABLE>
    <DD08V>
     <TABNAME>/BVCCSAP/K7_0550</TABNAME>
     <FIELDNAME>BUS_DATA_CONTEXT</FIELDNAME>
     <DDLANGUAGE>D</DDLANGUAGE>
     <CHECKTABLE>/BVCCSAP/K7_0505</CHECKTABLE>
     <DDTEXT>Fachdaten Kontext</DDTEXT>
    </DD08V>
    <DD08V>
     <TABNAME>/BVCCSAP/K7_0550</TABNAME>
     <FIELDNAME>MANDT</FIELDNAME>
     <DDLANGUAGE>D</DDLANGUAGE>
     <CHECKTABLE>T000</CHECKTABLE>
    </DD08V>
    <DD08V>
     <TABNAME>/BVCCSAP/K7_0550</TABNAME>
     <FIELDNAME>VERSION_ID</FIELDNAME>
     <DDLANGUAGE>D</DDLANGUAGE>
     <CHECKTABLE>/BVCCSAP/K7_0560</CHECKTABLE>
     <FRKART>KEY</FRKART>
    </DD08V>
   </DD08V_TABLE>
   <DD35V_TALE>
    <DD35V>
     <TABNAME>/BVCCSAP/K7_0550</TABNAME>
     <FIELDNAME>BUS_DATA_CONTEXT</FIELDNAME>
     <SHLPNAME>/BVCCSAP/K7_BCTS</SHLPNAME>
    </DD35V>
   </DD35V_TALE>
   <DD36M>
    <DD36M>
     <TABNAME>/BVCCSAP/K7_0550</TABNAME>
     <FIELDNAME>BUS_DATA_CONTEXT</FIELDNAME>
     <SHLPNAME>/BVCCSAP/K7_BCTS</SHLPNAME>
     <SHLPFIELD>BUS_DATA_CONTEXT</SHLPFIELD>
     <FLPOSITION>0001</FLPOSITION>
     <SHTABLE>/BVCCSAP/K7_0550</SHTABLE>
     <SHFIELD>BUS_DATA_CONTEXT</SHFIELD>
     <SHLPINPUT>X</SHLPINPUT>
     <SHLPOUTPUT>X</SHLPOUTPUT>
     <ROLLNAME>/BVCCSAP/K7_BUS_DATA_CONTEXT</ROLLNAME>
     <DOMNAME>/BVCCSAP/K7_BUS_DATA_CONTEXT</DOMNAME>
     <DATATYPE>CHAR</DATATYPE>
     <LENG>000010</LENG>
    </DD36M>
    <DD36M>
     <TABNAME>/BVCCSAP/K7_0550</TABNAME>
     <FIELDNAME>BUS_DATA_CONTEXT</FIELDNAME>
     <SHLPNAME>/BVCCSAP/K7_BCTS</SHLPNAME>
     <SHLPFIELD>BUS_DATA_CONTEXT_DESC</SHLPFIELD>
     <FLPOSITION>0002</FLPOSITION>
     <SHTYPE>G</SHTYPE>
     <SHLPINPUT>X</SHLPINPUT>
     <SHLPOUTPUT>X</SHLPOUTPUT>
     <ROLLNAME>/BVCCSAP/K7_BUS_DATA_CTX_DESC</ROLLNAME>
     <DOMNAME>CHAR50S</DOMNAME>
     <DATATYPE>CHAR</DATATYPE>
     <LENG>000050</LENG>
    </DD36M>
   </DD36M>
  </asx:values>
 </asx:abap>
</abapGit>
