﻿<?xml version="1.0" encoding="utf-8"?>
<abapGit version="v1.0.0" serializer="LCL_OBJECT_DTEL" serializer_version="v1.0.0">
 <asx:abap xmlns:asx="http://www.sap.com/abapxml" version="1.0">
  <asx:values>
   <DD04V>
    <ROLLNAME>/BVCCSAP/K7_REQUEST_DATE</ROLLNAME>
    <DDLANGUAGE>D</DDLANGUAGE>
    <DOMNAME>DATUM</DOMNAME>
    <LOGFLAG>X</LOGFLAG>
    <HEADLEN>12</HEADLEN>
    <SCRLEN1>10</SCRLEN1>
    <SCRLEN2>20</SCRLEN2>
    <SCRLEN3>40</SCRLEN3>
    <DDTEXT>Antragsdatum</DDTEXT>
    <REPTEXT>Antragsdatum</REPTEXT>
    <SCRTEXT_S>AntrgDatum</SCRTEXT_S>
    <SCRTEXT_M>Antragsdatum</SCRTEXT_M>
    <SCRTEXT_L>Antragsdatum</SCRTEXT_L>
    <APPLCLASS>V</APPLCLASS>
    <DTELMASTER>D</DTELMASTER>
    <DEFFDNAME>VALID_TO</DEFFDNAME>
    <REFKIND>D</REFKIND>
   </DD04V>
   <I18N_LANGS>
    <LANGU>E</LANGU>
    <LANGU>F</LANGU>
    <LANGU>I</LANGU>
   </I18N_LANGS>
   <DD04_TEXTS>
    <item>
     <DDLANGUAGE>E</DDLANGUAGE>
     <DDTEXT>Valid To Date</DDTEXT>
     <REPTEXT>to</REPTEXT>
     <SCRTEXT_S>to</SCRTEXT_S>
     <SCRTEXT_M>Valid To</SCRTEXT_M>
     <SCRTEXT_L>Valid To</SCRTEXT_L>
    </item>
    <item>
     <DDLANGUAGE>F</DDLANGUAGE>
     <DDTEXT>Fin de validité</DDTEXT>
     <REPTEXT>au</REPTEXT>
     <SCRTEXT_S>au</SCRTEXT_S>
     <SCRTEXT_M>Fin de validité</SCRTEXT_M>
     <SCRTEXT_L>Fin de validité</SCRTEXT_L>
    </item>
    <item>
     <DDLANGUAGE>I</DDLANGUAGE>
     <DDTEXT>Data di fine validità</DDTEXT>
     <REPTEXT>A</REPTEXT>
     <SCRTEXT_S>A</SCRTEXT_S>
     <SCRTEXT_M>Fine validità</SCRTEXT_M>
     <SCRTEXT_L>Fine validità</SCRTEXT_L>
    </item>
   </DD04_TEXTS>
  </asx:values>
 </asx:abap>
</abapGit>
