﻿<?xml version="1.0" encoding="utf-8"?>
<abapGit version="v1.0.0" serializer="LCL_OBJECT_DTEL" serializer_version="v1.0.0">
 <asx:abap xmlns:asx="http://www.sap.com/abapxml" version="1.0">
  <asx:values>
   <DD04V>
    <ROLLNAME>/BVCCSAP/K7_CODEID_REMARK</ROLLNAME>
    <DDLANGUAGE>D</DDLANGUAGE>
    <DOMNAME>CHAR255</DOMNAME>
    <HEADLEN>16</HEADLEN>
    <SCRLEN1>10</SCRLEN1>
    <SCRLEN2>20</SCRLEN2>
    <SCRLEN3>40</SCRLEN3>
    <DDTEXT>Code Id Bemerkung</DDTEXT>
    <REPTEXT>CodeIdBem</REPTEXT>
    <SCRTEXT_S>CodeIdBem</SCRTEXT_S>
    <SCRTEXT_M>Code Id Bemerk.</SCRTEXT_M>
    <SCRTEXT_L>Code Id Bemerkung</SCRTEXT_L>
    <DTELMASTER>D</DTELMASTER>
    <REFKIND>D</REFKIND>
   </DD04V>
  </asx:values>
 </asx:abap>
</abapGit>
