﻿<?xml version="1.0" encoding="utf-8"?>
<abapGit version="v1.0.0" serializer="LCL_OBJECT_TABL" serializer_version="v1.0.0">
 <asx:abap xmlns:asx="http://www.sap.com/abapxml" version="1.0">
  <asx:values>
   <DD02V>
    <TABNAME>/BVCCSAP/K7_CODEID_TS</TABNAME>
    <DDLANGUAGE>D</DDLANGUAGE>
    <TABCLASS>INTTAB</TABCLASS>
    <LANGDEP>X</LANGDEP>
    <DDTEXT>Code Id</DDTEXT>
    <EXCLASS>4</EXCLASS>
   </DD02V>
   <DD03P_TABLE>
    <DD03P>
     <TABNAME>/BVCCSAP/K7_CODEID_TS</TABNAME>
     <FIELDNAME>.INCLUDE</FIELDNAME>
     <DDLANGUAGE>D</DDLANGUAGE>
     <POSITION>0001</POSITION>
     <ADMINFIELD>0</ADMINFIELD>
     <PRECFIELD>/BVCCSAP/K7_0501</PRECFIELD>
     <MASK>      S</MASK>
     <DDTEXT>CodeId</DDTEXT>
     <COMPTYPE>S</COMPTYPE>
    </DD03P>
    <DD03P>
     <TABNAME>/BVCCSAP/K7_CODEID_TS</TABNAME>
     <FIELDNAME>DOMNAME</FIELDNAME>
     <POSITION>0012</POSITION>
     <ROLLNAME>DOMNAME</ROLLNAME>
     <ADMINFIELD>0</ADMINFIELD>
     <SHLPORIGIN>D</SHLPORIGIN>
     <COMPTYPE>E</COMPTYPE>
    </DD03P>
    <DD03P>
     <TABNAME>/BVCCSAP/K7_CODEID_TS</TABNAME>
     <FIELDNAME>TABNAME</FIELDNAME>
     <POSITION>0013</POSITION>
     <ROLLNAME>TABNAME</ROLLNAME>
     <ADMINFIELD>0</ADMINFIELD>
     <COMPTYPE>E</COMPTYPE>
    </DD03P>
    <DD03P>
     <TABNAME>/BVCCSAP/K7_CODEID_TS</TABNAME>
     <FIELDNAME>TABNAME_TEXT</FIELDNAME>
     <POSITION>0014</POSITION>
     <ROLLNAME>TABNAME</ROLLNAME>
     <ADMINFIELD>0</ADMINFIELD>
     <COMPTYPE>E</COMPTYPE>
    </DD03P>
    <DD03P>
     <TABNAME>/BVCCSAP/K7_CODEID_TS</TABNAME>
     <FIELDNAME>CODEIDDESC</FIELDNAME>
     <POSITION>0015</POSITION>
     <ROLLNAME>/BVCCSAP/K7_CODEIDDESC</ROLLNAME>
     <ADMINFIELD>0</ADMINFIELD>
     <COMPTYPE>E</COMPTYPE>
    </DD03P>
    <DD03P>
     <TABNAME>/BVCCSAP/K7_CODEID_TS</TABNAME>
     <FIELDNAME>CODEIDVALUES</FIELDNAME>
     <POSITION>0016</POSITION>
     <ROLLNAME>/BVCCSAP/K7_CODEIDVALUES_TT</ROLLNAME>
     <ADMINFIELD>0</ADMINFIELD>
     <DATATYPE>TTYP</DATATYPE>
     <MASK>  TTYPL</MASK>
     <COMPTYPE>L</COMPTYPE>
    </DD03P>
    <DD03P>
     <TABNAME>/BVCCSAP/K7_CODEID_TS</TABNAME>
     <FIELDNAME>CODEIDSELECTION</FIELDNAME>
     <POSITION>0017</POSITION>
     <ROLLNAME>/BVCCSAP/K7_CODEIDSELECTION_TT</ROLLNAME>
     <ADMINFIELD>0</ADMINFIELD>
     <DATATYPE>TTYP</DATATYPE>
     <MASK>  TTYPL</MASK>
     <COMPTYPE>L</COMPTYPE>
    </DD03P>
    <DD03P>
     <TABNAME>/BVCCSAP/K7_CODEID_TS</TABNAME>
     <FIELDNAME>IUD</FIELDNAME>
     <POSITION>0018</POSITION>
     <ROLLNAME>/BVCCSAP/K7_IUD</ROLLNAME>
     <ADMINFIELD>0</ADMINFIELD>
     <VALEXI>X</VALEXI>
     <SHLPORIGIN>F</SHLPORIGIN>
     <COMPTYPE>E</COMPTYPE>
    </DD03P>
   </DD03P_TABLE>
  </asx:values>
 </asx:abap>
</abapGit>
