﻿<?xml version="1.0" encoding="utf-8"?>
<abapGit version="v1.0.0" serializer="LCL_OBJECT_DOMA" serializer_version="v1.0.0">
 <asx:abap xmlns:asx="http://www.sap.com/abapxml" version="1.0">
  <asx:values>
   <DD01V>
    <DOMNAME>/BVCCSAP/K7_FORMULAR_CATEGORY</DOMNAME>
    <DDLANGUAGE>D</DDLANGUAGE>
    <DATATYPE>CHAR</DATATYPE>
    <LENG>000002</LENG>
    <OUTPUTLEN>000002</OUTPUTLEN>
    <VALEXI>X</VALEXI>
    <DDTEXT>Formular Kategorie</DDTEXT>
   </DD01V>
   <DD07V_TAB>
    <DD07V>
     <DOMNAME>/BVCCSAP/K7_FORMULAR_CATEGORY</DOMNAME>
     <VALPOS>0001</VALPOS>
     <DDLANGUAGE>D</DDLANGUAGE>
     <DOMVALUE_L>FO</DOMVALUE_L>
     <DDTEXT>Formular</DDTEXT>
    </DD07V>
    <DD07V>
     <DOMNAME>/BVCCSAP/K7_FORMULAR_CATEGORY</DOMNAME>
     <VALPOS>0002</VALPOS>
     <DDLANGUAGE>D</DDLANGUAGE>
     <DOMVALUE_L>BE</DOMVALUE_L>
     <DDTEXT>Beilage</DDTEXT>
    </DD07V>
    <DD07V>
     <DOMNAME>/BVCCSAP/K7_FORMULAR_CATEGORY</DOMNAME>
     <VALPOS>0003</VALPOS>
     <DDLANGUAGE>D</DDLANGUAGE>
     <DOMVALUE_L>KO</DOMVALUE_L>
     <DDTEXT>Korrespondenz</DDTEXT>
    </DD07V>
    <DD07V>
     <DOMNAME>/BVCCSAP/K7_FORMULAR_CATEGORY</DOMNAME>
     <VALPOS>0004</VALPOS>
     <DDLANGUAGE>D</DDLANGUAGE>
     <DOMVALUE_L>VF</DOMVALUE_L>
     <DDTEXT>VorgangsFormular</DDTEXT>
    </DD07V>
    <DD07V>
     <DOMNAME>/BVCCSAP/K7_FORMULAR_CATEGORY</DOMNAME>
     <VALPOS>0005</VALPOS>
     <DDLANGUAGE>D</DDLANGUAGE>
     <DOMVALUE_L>EV</DOMVALUE_L>
     <DDTEXT>Event</DDTEXT>
    </DD07V>
    <DD07V>
     <DOMNAME>/BVCCSAP/K7_FORMULAR_CATEGORY</DOMNAME>
     <VALPOS>0006</VALPOS>
     <DDLANGUAGE>D</DDLANGUAGE>
     <DOMVALUE_L>VL</DOMVALUE_L>
     <DDTEXT>Vorlage</DDTEXT>
    </DD07V>
   </DD07V_TAB>
  </asx:values>
 </asx:abap>
</abapGit>
