﻿<?xml version="1.0" encoding="utf-8"?>
<abapGit version="v1.0.0" serializer="LCL_OBJECT_TABL" serializer_version="v1.0.0">
 <asx:abap xmlns:asx="http://www.sap.com/abapxml" version="1.0">
  <asx:values>
   <DD02V>
    <TABNAME>/BVCCSAP/K7_0551</TABNAME>
    <DDLANGUAGE>D</DDLANGUAGE>
    <TABCLASS>TRANSP</TABCLASS>
    <CLIDEP>X</CLIDEP>
    <DDTEXT>Bezirk</DDTEXT>
    <MAINFLAG>X</MAINFLAG>
    <CONTFLAG>C</CONTFLAG>
    <EXCLASS>4</EXCLASS>
   </DD02V>
   <DD09L>
    <TABNAME>/BVCCSAP/K7_0551</TABNAME>
    <AS4LOCAL>A</AS4LOCAL>
    <TABKAT>0</TABKAT>
    <TABART>APPL2</TABART>
    <BUFALLOW>N</BUFALLOW>
   </DD09L>
   <DD03P_TABLE>
    <DD03P>
     <TABNAME>/BVCCSAP/K7_0551</TABNAME>
     <FIELDNAME>MANDT</FIELDNAME>
     <POSITION>0001</POSITION>
     <KEYFLAG>X</KEYFLAG>
     <ROLLNAME>MANDT</ROLLNAME>
     <CHECKTABLE>T000</CHECKTABLE>
     <ADMINFIELD>0</ADMINFIELD>
     <NOTNULL>X</NOTNULL>
     <SHLPORIGIN>P</SHLPORIGIN>
     <COMPTYPE>E</COMPTYPE>
    </DD03P>
    <DD03P>
     <TABNAME>/BVCCSAP/K7_0551</TABNAME>
     <FIELDNAME>DISTRICTHISTID</FIELDNAME>
     <POSITION>0002</POSITION>
     <KEYFLAG>X</KEYFLAG>
     <ROLLNAME>/BVCCSAP/K7_DISTRICTHISTID</ROLLNAME>
     <ADMINFIELD>0</ADMINFIELD>
     <NOTNULL>X</NOTNULL>
     <COMPTYPE>E</COMPTYPE>
    </DD03P>
    <DD03P>
     <TABNAME>/BVCCSAP/K7_0551</TABNAME>
     <FIELDNAME>VERSION_ID</FIELDNAME>
     <POSITION>0003</POSITION>
     <KEYFLAG>X</KEYFLAG>
     <ROLLNAME>/BVCCSAP/K7_VERSION_ID</ROLLNAME>
     <CHECKTABLE>/BVCCSAP/K7_0552</CHECKTABLE>
     <ADMINFIELD>0</ADMINFIELD>
     <NOTNULL>X</NOTNULL>
     <SHLPORIGIN>P</SHLPORIGIN>
     <COMPTYPE>E</COMPTYPE>
    </DD03P>
    <DD03P>
     <TABNAME>/BVCCSAP/K7_0551</TABNAME>
     <FIELDNAME>CANTONID</FIELDNAME>
     <POSITION>0004</POSITION>
     <ROLLNAME>/BVCCSAP/K7_CANTONIDTYPE</ROLLNAME>
     <CHECKTABLE>/BVCCSAP/K7_0552</CHECKTABLE>
     <ADMINFIELD>0</ADMINFIELD>
     <SHLPORIGIN>P</SHLPORIGIN>
     <COMPTYPE>E</COMPTYPE>
    </DD03P>
    <DD03P>
     <TABNAME>/BVCCSAP/K7_0551</TABNAME>
     <FIELDNAME>DISTRICTID</FIELDNAME>
     <POSITION>0005</POSITION>
     <ROLLNAME>/BVCCSAP/K7_DISTRICTID</ROLLNAME>
     <ADMINFIELD>0</ADMINFIELD>
     <COMPTYPE>E</COMPTYPE>
    </DD03P>
    <DD03P>
     <TABNAME>/BVCCSAP/K7_0551</TABNAME>
     <FIELDNAME>DISTRICTLONGNAME</FIELDNAME>
     <POSITION>0006</POSITION>
     <ROLLNAME>/BVCCSAP/K7_DISTRICTLONGNAME</ROLLNAME>
     <ADMINFIELD>0</ADMINFIELD>
     <COMPTYPE>E</COMPTYPE>
    </DD03P>
    <DD03P>
     <TABNAME>/BVCCSAP/K7_0551</TABNAME>
     <FIELDNAME>DISTRICTSHORTNAME</FIELDNAME>
     <POSITION>0007</POSITION>
     <ROLLNAME>/BVCCSAP/K7_DISTRICTSHORTNAME</ROLLNAME>
     <ADMINFIELD>0</ADMINFIELD>
     <COMPTYPE>E</COMPTYPE>
    </DD03P>
    <DD03P>
     <TABNAME>/BVCCSAP/K7_0551</TABNAME>
     <FIELDNAME>DISTRICTENTRYMODE</FIELDNAME>
     <POSITION>0008</POSITION>
     <ROLLNAME>/BVCCSAP/K7_ENTRYMODE</ROLLNAME>
     <ADMINFIELD>0</ADMINFIELD>
     <VALEXI>X</VALEXI>
     <SHLPORIGIN>F</SHLPORIGIN>
     <COMPTYPE>E</COMPTYPE>
    </DD03P>
    <DD03P>
     <TABNAME>/BVCCSAP/K7_0551</TABNAME>
     <FIELDNAME>DISTRICTADMISSIONNUMBER</FIELDNAME>
     <POSITION>0009</POSITION>
     <ROLLNAME>/BVCCSAP/K7_ADMISSIONNUMBER</ROLLNAME>
     <ADMINFIELD>0</ADMINFIELD>
     <COMPTYPE>E</COMPTYPE>
    </DD03P>
    <DD03P>
     <TABNAME>/BVCCSAP/K7_0551</TABNAME>
     <FIELDNAME>DISTRICTADMISSIONMODE</FIELDNAME>
     <POSITION>0010</POSITION>
     <ROLLNAME>/BVCCSAP/K7_ADMISSIONMODE</ROLLNAME>
     <ADMINFIELD>0</ADMINFIELD>
     <VALEXI>X</VALEXI>
     <SHLPORIGIN>F</SHLPORIGIN>
     <COMPTYPE>E</COMPTYPE>
    </DD03P>
    <DD03P>
     <TABNAME>/BVCCSAP/K7_0551</TABNAME>
     <FIELDNAME>DISTRICTADMISSIONDATE</FIELDNAME>
     <POSITION>0011</POSITION>
     <ROLLNAME>/BVCCSAP/K7_ADMISSIONDATE</ROLLNAME>
     <ADMINFIELD>0</ADMINFIELD>
     <SHLPORIGIN>T</SHLPORIGIN>
     <COMPTYPE>E</COMPTYPE>
    </DD03P>
    <DD03P>
     <TABNAME>/BVCCSAP/K7_0551</TABNAME>
     <FIELDNAME>DISTRICTABOLITIONNUMBER</FIELDNAME>
     <POSITION>0012</POSITION>
     <ROLLNAME>/BVCCSAP/K7_ABOLITIONNUMBER</ROLLNAME>
     <ADMINFIELD>0</ADMINFIELD>
     <COMPTYPE>E</COMPTYPE>
    </DD03P>
    <DD03P>
     <TABNAME>/BVCCSAP/K7_0551</TABNAME>
     <FIELDNAME>DISTRICTABOLITIONMODE</FIELDNAME>
     <POSITION>0013</POSITION>
     <ROLLNAME>/BVCCSAP/K7_ABOLITIONMODE</ROLLNAME>
     <ADMINFIELD>0</ADMINFIELD>
     <VALEXI>X</VALEXI>
     <SHLPORIGIN>F</SHLPORIGIN>
     <COMPTYPE>E</COMPTYPE>
    </DD03P>
    <DD03P>
     <TABNAME>/BVCCSAP/K7_0551</TABNAME>
     <FIELDNAME>DISTRICTABOLITIONDATE</FIELDNAME>
     <POSITION>0014</POSITION>
     <ROLLNAME>/BVCCSAP/K7_ABOLITIONDATE</ROLLNAME>
     <ADMINFIELD>0</ADMINFIELD>
     <SHLPORIGIN>T</SHLPORIGIN>
     <COMPTYPE>E</COMPTYPE>
    </DD03P>
    <DD03P>
     <TABNAME>/BVCCSAP/K7_0551</TABNAME>
     <FIELDNAME>DISTRICTDATEOFCHANGE</FIELDNAME>
     <POSITION>0015</POSITION>
     <ROLLNAME>/BVCCSAP/K7_DATEOFCHANGE</ROLLNAME>
     <ADMINFIELD>0</ADMINFIELD>
     <SHLPORIGIN>T</SHLPORIGIN>
     <COMPTYPE>E</COMPTYPE>
    </DD03P>
   </DD03P_TABLE>
   <DD05M_TABLE>
    <DD05M>
     <TABNAME>/BVCCSAP/K7_0551</TABNAME>
     <FIELDNAME>CANTONID</FIELDNAME>
     <FORTABLE>/BVCCSAP/K7_0551</FORTABLE>
     <FORKEY>MANDT</FORKEY>
     <CHECKTABLE>/BVCCSAP/K7_0552</CHECKTABLE>
     <CHECKFIELD>MANDT</CHECKFIELD>
     <PRIMPOS>0001</PRIMPOS>
     <DOMNAME>MANDT</DOMNAME>
     <DATATYPE>CLNT</DATATYPE>
     <LENG>000003</LENG>
    </DD05M>
    <DD05M>
     <TABNAME>/BVCCSAP/K7_0551</TABNAME>
     <FIELDNAME>CANTONID</FIELDNAME>
     <FORTABLE>/BVCCSAP/K7_0551</FORTABLE>
     <FORKEY>CANTONID</FORKEY>
     <CHECKTABLE>/BVCCSAP/K7_0552</CHECKTABLE>
     <CHECKFIELD>CANTONID</CHECKFIELD>
     <PRIMPOS>0002</PRIMPOS>
     <DOMNAME>NUMC2</DOMNAME>
     <DATATYPE>NUMC</DATATYPE>
     <LENG>000002</LENG>
    </DD05M>
    <DD05M>
     <TABNAME>/BVCCSAP/K7_0551</TABNAME>
     <FIELDNAME>CANTONID</FIELDNAME>
     <FORTABLE>/BVCCSAP/K7_0551</FORTABLE>
     <FORKEY>VERSION_ID</FORKEY>
     <CHECKTABLE>/BVCCSAP/K7_0552</CHECKTABLE>
     <CHECKFIELD>VERSION_ID</CHECKFIELD>
     <PRIMPOS>0003</PRIMPOS>
     <DOMNAME>NUMC10</DOMNAME>
     <DATATYPE>NUMC</DATATYPE>
     <LENG>000010</LENG>
    </DD05M>
    <DD05M>
     <TABNAME>/BVCCSAP/K7_0551</TABNAME>
     <FIELDNAME>MANDT</FIELDNAME>
     <FORTABLE>/BVCCSAP/K7_0551</FORTABLE>
     <FORKEY>MANDT</FORKEY>
     <CHECKTABLE>T000</CHECKTABLE>
     <CHECKFIELD>MANDT</CHECKFIELD>
     <PRIMPOS>0001</PRIMPOS>
     <DOMNAME>MANDT</DOMNAME>
     <DATATYPE>CLNT</DATATYPE>
     <LENG>000003</LENG>
    </DD05M>
    <DD05M>
     <TABNAME>/BVCCSAP/K7_0551</TABNAME>
     <FIELDNAME>VERSION_ID</FIELDNAME>
     <FORTABLE>/BVCCSAP/K7_0551</FORTABLE>
     <FORKEY>MANDT</FORKEY>
     <CHECKTABLE>/BVCCSAP/K7_0552</CHECKTABLE>
     <CHECKFIELD>MANDT</CHECKFIELD>
     <PRIMPOS>0001</PRIMPOS>
     <DOMNAME>MANDT</DOMNAME>
     <DATATYPE>CLNT</DATATYPE>
     <LENG>000003</LENG>
    </DD05M>
    <DD05M>
     <TABNAME>/BVCCSAP/K7_0551</TABNAME>
     <FIELDNAME>VERSION_ID</FIELDNAME>
     <FORTABLE>/BVCCSAP/K7_0551</FORTABLE>
     <FORKEY>CANTONID</FORKEY>
     <CHECKTABLE>/BVCCSAP/K7_0552</CHECKTABLE>
     <CHECKFIELD>CANTONID</CHECKFIELD>
     <PRIMPOS>0002</PRIMPOS>
     <DOMNAME>NUMC2</DOMNAME>
     <DATATYPE>NUMC</DATATYPE>
     <LENG>000002</LENG>
    </DD05M>
    <DD05M>
     <TABNAME>/BVCCSAP/K7_0551</TABNAME>
     <FIELDNAME>VERSION_ID</FIELDNAME>
     <FORTABLE>/BVCCSAP/K7_0551</FORTABLE>
     <FORKEY>VERSION_ID</FORKEY>
     <CHECKTABLE>/BVCCSAP/K7_0552</CHECKTABLE>
     <CHECKFIELD>VERSION_ID</CHECKFIELD>
     <PRIMPOS>0003</PRIMPOS>
     <DOMNAME>NUMC10</DOMNAME>
     <DATATYPE>NUMC</DATATYPE>
     <LENG>000010</LENG>
    </DD05M>
   </DD05M_TABLE>
   <DD08V_TABLE>
    <DD08V>
     <TABNAME>/BVCCSAP/K7_0551</TABNAME>
     <FIELDNAME>CANTONID</FIELDNAME>
     <DDLANGUAGE>D</DDLANGUAGE>
     <CHECKTABLE>/BVCCSAP/K7_0552</CHECKTABLE>
     <FRKART>KEY</FRKART>
    </DD08V>
    <DD08V>
     <TABNAME>/BVCCSAP/K7_0551</TABNAME>
     <FIELDNAME>MANDT</FIELDNAME>
     <DDLANGUAGE>D</DDLANGUAGE>
     <CHECKTABLE>T000</CHECKTABLE>
    </DD08V>
    <DD08V>
     <TABNAME>/BVCCSAP/K7_0551</TABNAME>
     <FIELDNAME>VERSION_ID</FIELDNAME>
     <DDLANGUAGE>D</DDLANGUAGE>
     <CHECKTABLE>/BVCCSAP/K7_0552</CHECKTABLE>
     <FRKART>KEY</FRKART>
    </DD08V>
   </DD08V_TABLE>
  </asx:values>
 </asx:abap>
</abapGit>
