﻿<?xml version="1.0" encoding="utf-8"?>
<abapGit version="v1.0.0" serializer="LCL_OBJECT_TABL" serializer_version="v1.0.0">
 <asx:abap xmlns:asx="http://www.sap.com/abapxml" version="1.0">
  <asx:values>
   <DD02V>
    <TABNAME>/BVCCSAP/K7_0502</TABNAME>
    <DDLANGUAGE>D</DDLANGUAGE>
    <TABCLASS>TRANSP</TABCLASS>
    <CLIDEP>X</CLIDEP>
    <DDTEXT>CodeIdValue</DDTEXT>
    <MAINFLAG>X</MAINFLAG>
    <CONTFLAG>C</CONTFLAG>
    <EXCLASS>4</EXCLASS>
   </DD02V>
   <DD09L>
    <TABNAME>/BVCCSAP/K7_0502</TABNAME>
    <AS4LOCAL>A</AS4LOCAL>
    <TABKAT>1</TABKAT>
    <TABART>APPL2</TABART>
    <BUFALLOW>N</BUFALLOW>
   </DD09L>
   <DD03P_TABLE>
    <DD03P>
     <TABNAME>/BVCCSAP/K7_0502</TABNAME>
     <FIELDNAME>MANDT</FIELDNAME>
     <POSITION>0001</POSITION>
     <KEYFLAG>X</KEYFLAG>
     <ROLLNAME>MANDT</ROLLNAME>
     <CHECKTABLE>T000</CHECKTABLE>
     <ADMINFIELD>0</ADMINFIELD>
     <NOTNULL>X</NOTNULL>
     <SHLPORIGIN>P</SHLPORIGIN>
     <COMPTYPE>E</COMPTYPE>
    </DD03P>
    <DD03P>
     <TABNAME>/BVCCSAP/K7_0502</TABNAME>
     <FIELDNAME>SYSTEMID</FIELDNAME>
     <POSITION>0002</POSITION>
     <KEYFLAG>X</KEYFLAG>
     <ROLLNAME>/BVCCSAP/K7_SYSTEMID</ROLLNAME>
     <CHECKTABLE>/BVCCSAP/K7_0500</CHECKTABLE>
     <ADMINFIELD>0</ADMINFIELD>
     <NOTNULL>X</NOTNULL>
     <SHLPORIGIN>P</SHLPORIGIN>
     <COMPTYPE>E</COMPTYPE>
    </DD03P>
    <DD03P>
     <TABNAME>/BVCCSAP/K7_0502</TABNAME>
     <FIELDNAME>CODEID</FIELDNAME>
     <POSITION>0003</POSITION>
     <KEYFLAG>X</KEYFLAG>
     <ROLLNAME>/BVCCSAP/K7_CODEID</ROLLNAME>
     <CHECKTABLE>/BVCCSAP/K7_0501</CHECKTABLE>
     <ADMINFIELD>0</ADMINFIELD>
     <NOTNULL>X</NOTNULL>
     <SHLPORIGIN>P</SHLPORIGIN>
     <COMPTYPE>E</COMPTYPE>
    </DD03P>
    <DD03P>
     <TABNAME>/BVCCSAP/K7_0502</TABNAME>
     <FIELDNAME>VERSION_ID</FIELDNAME>
     <POSITION>0004</POSITION>
     <KEYFLAG>X</KEYFLAG>
     <ROLLNAME>/BVCCSAP/K7_VERSION_ID</ROLLNAME>
     <CHECKTABLE>/BVCCSAP/K7_0560</CHECKTABLE>
     <ADMINFIELD>0</ADMINFIELD>
     <NOTNULL>X</NOTNULL>
     <SHLPORIGIN>P</SHLPORIGIN>
     <COMPTYPE>E</COMPTYPE>
    </DD03P>
    <DD03P>
     <TABNAME>/BVCCSAP/K7_0502</TABNAME>
     <FIELDNAME>CODEIDVALUE</FIELDNAME>
     <POSITION>0005</POSITION>
     <KEYFLAG>X</KEYFLAG>
     <ROLLNAME>/BVCCSAP/K7_CODEIDVALUE</ROLLNAME>
     <ADMINFIELD>0</ADMINFIELD>
     <NOTNULL>X</NOTNULL>
     <COMPTYPE>E</COMPTYPE>
    </DD03P>
    <DD03P>
     <TABNAME>/BVCCSAP/K7_0502</TABNAME>
     <FIELDNAME>CODEID_REMARK</FIELDNAME>
     <POSITION>0006</POSITION>
     <ROLLNAME>/BVCCSAP/K7_CODEID_REMARK</ROLLNAME>
     <ADMINFIELD>0</ADMINFIELD>
     <COMPTYPE>E</COMPTYPE>
    </DD03P>
   </DD03P_TABLE>
   <DD05M_TABLE>
    <DD05M>
     <TABNAME>/BVCCSAP/K7_0502</TABNAME>
     <FIELDNAME>CODEID</FIELDNAME>
     <FORTABLE>/BVCCSAP/K7_0502</FORTABLE>
     <FORKEY>MANDT</FORKEY>
     <CHECKTABLE>/BVCCSAP/K7_0501</CHECKTABLE>
     <CHECKFIELD>MANDT</CHECKFIELD>
     <PRIMPOS>0001</PRIMPOS>
     <DOMNAME>MANDT</DOMNAME>
     <DATATYPE>CLNT</DATATYPE>
     <LENG>000003</LENG>
    </DD05M>
    <DD05M>
     <TABNAME>/BVCCSAP/K7_0502</TABNAME>
     <FIELDNAME>CODEID</FIELDNAME>
     <FORTABLE>/BVCCSAP/K7_0502</FORTABLE>
     <FORKEY>SYSTEMID</FORKEY>
     <CHECKTABLE>/BVCCSAP/K7_0501</CHECKTABLE>
     <CHECKFIELD>SYSTEMID</CHECKFIELD>
     <PRIMPOS>0002</PRIMPOS>
     <DOMNAME>/BVCCSAP/K7_SYSTEMID</DOMNAME>
     <DATATYPE>CHAR</DATATYPE>
     <LENG>000003</LENG>
    </DD05M>
    <DD05M>
     <TABNAME>/BVCCSAP/K7_0502</TABNAME>
     <FIELDNAME>CODEID</FIELDNAME>
     <FORTABLE>/BVCCSAP/K7_0502</FORTABLE>
     <FORKEY>CODEID</FORKEY>
     <CHECKTABLE>/BVCCSAP/K7_0501</CHECKTABLE>
     <CHECKFIELD>CODEID</CHECKFIELD>
     <PRIMPOS>0003</PRIMPOS>
     <DOMNAME>/BVCCSAP/K7_ID_3</DOMNAME>
     <DATATYPE>CHAR</DATATYPE>
     <LENG>000003</LENG>
    </DD05M>
    <DD05M>
     <TABNAME>/BVCCSAP/K7_0502</TABNAME>
     <FIELDNAME>MANDT</FIELDNAME>
     <FORTABLE>/BVCCSAP/K7_0502</FORTABLE>
     <FORKEY>MANDT</FORKEY>
     <CHECKTABLE>T000</CHECKTABLE>
     <CHECKFIELD>MANDT</CHECKFIELD>
     <PRIMPOS>0001</PRIMPOS>
     <DOMNAME>MANDT</DOMNAME>
     <DATATYPE>CLNT</DATATYPE>
     <LENG>000003</LENG>
    </DD05M>
    <DD05M>
     <TABNAME>/BVCCSAP/K7_0502</TABNAME>
     <FIELDNAME>SYSTEMID</FIELDNAME>
     <FORTABLE>/BVCCSAP/K7_0502</FORTABLE>
     <FORKEY>MANDT</FORKEY>
     <CHECKTABLE>/BVCCSAP/K7_0500</CHECKTABLE>
     <CHECKFIELD>MANDT</CHECKFIELD>
     <PRIMPOS>0001</PRIMPOS>
     <DOMNAME>MANDT</DOMNAME>
     <DATATYPE>CLNT</DATATYPE>
     <LENG>000003</LENG>
    </DD05M>
    <DD05M>
     <TABNAME>/BVCCSAP/K7_0502</TABNAME>
     <FIELDNAME>SYSTEMID</FIELDNAME>
     <FORTABLE>/BVCCSAP/K7_0502</FORTABLE>
     <FORKEY>SYSTEMID</FORKEY>
     <CHECKTABLE>/BVCCSAP/K7_0500</CHECKTABLE>
     <CHECKFIELD>SYSTEMID</CHECKFIELD>
     <PRIMPOS>0002</PRIMPOS>
     <DOMNAME>/BVCCSAP/K7_SYSTEMID</DOMNAME>
     <DATATYPE>CHAR</DATATYPE>
     <LENG>000003</LENG>
    </DD05M>
    <DD05M>
     <TABNAME>/BVCCSAP/K7_0502</TABNAME>
     <FIELDNAME>VERSION_ID</FIELDNAME>
     <FORTABLE>/BVCCSAP/K7_0502</FORTABLE>
     <FORKEY>MANDT</FORKEY>
     <CHECKTABLE>/BVCCSAP/K7_0560</CHECKTABLE>
     <CHECKFIELD>MANDT</CHECKFIELD>
     <PRIMPOS>0001</PRIMPOS>
     <DOMNAME>MANDT</DOMNAME>
     <DATATYPE>CLNT</DATATYPE>
     <LENG>000003</LENG>
    </DD05M>
    <DD05M>
     <TABNAME>/BVCCSAP/K7_0502</TABNAME>
     <FIELDNAME>VERSION_ID</FIELDNAME>
     <FORTABLE>&apos;SC&apos;</FORTABLE>
     <CHECKTABLE>/BVCCSAP/K7_0560</CHECKTABLE>
     <CHECKFIELD>CODELIST_TYPE</CHECKFIELD>
     <PRIMPOS>0002</PRIMPOS>
     <DOMNAME>/BVCCSAP/K7_CODELIST_TYPE</DOMNAME>
     <DATATYPE>CHAR</DATATYPE>
     <LENG>000003</LENG>
    </DD05M>
    <DD05M>
     <TABNAME>/BVCCSAP/K7_0502</TABNAME>
     <FIELDNAME>VERSION_ID</FIELDNAME>
     <FORTABLE>/BVCCSAP/K7_0502</FORTABLE>
     <FORKEY>VERSION_ID</FORKEY>
     <CHECKTABLE>/BVCCSAP/K7_0560</CHECKTABLE>
     <CHECKFIELD>VERSION_ID</CHECKFIELD>
     <PRIMPOS>0003</PRIMPOS>
     <DOMNAME>NUMC10</DOMNAME>
     <DATATYPE>NUMC</DATATYPE>
     <LENG>000010</LENG>
    </DD05M>
   </DD05M_TABLE>
   <DD08V_TABLE>
    <DD08V>
     <TABNAME>/BVCCSAP/K7_0502</TABNAME>
     <FIELDNAME>CODEID</FIELDNAME>
     <DDLANGUAGE>D</DDLANGUAGE>
     <CHECKTABLE>/BVCCSAP/K7_0501</CHECKTABLE>
     <FRKART>KEY</FRKART>
    </DD08V>
    <DD08V>
     <TABNAME>/BVCCSAP/K7_0502</TABNAME>
     <FIELDNAME>MANDT</FIELDNAME>
     <DDLANGUAGE>D</DDLANGUAGE>
     <CHECKTABLE>T000</CHECKTABLE>
    </DD08V>
    <DD08V>
     <TABNAME>/BVCCSAP/K7_0502</TABNAME>
     <FIELDNAME>SYSTEMID</FIELDNAME>
     <DDLANGUAGE>D</DDLANGUAGE>
     <CHECKTABLE>/BVCCSAP/K7_0500</CHECKTABLE>
     <FRKART>KEY</FRKART>
    </DD08V>
    <DD08V>
     <TABNAME>/BVCCSAP/K7_0502</TABNAME>
     <FIELDNAME>VERSION_ID</FIELDNAME>
     <DDLANGUAGE>D</DDLANGUAGE>
     <CHECKTABLE>/BVCCSAP/K7_0560</CHECKTABLE>
     <FRKART>KEY</FRKART>
    </DD08V>
   </DD08V_TABLE>
  </asx:values>
 </asx:abap>
</abapGit>
