﻿<?xml version="1.0" encoding="utf-8"?>
<abapGit version="v1.0.0" serializer="LCL_OBJECT_DTEL" serializer_version="v1.0.0">
 <asx:abap xmlns:asx="http://www.sap.com/abapxml" version="1.0">
  <asx:values>
   <DD04V>
    <ROLLNAME>/BVCCSAP/K7_RECEIVER_APP_ID</ROLLNAME>
    <DDLANGUAGE>D</DDLANGUAGE>
    <DOMNAME>CHAR40</DOMNAME>
    <HEADLEN>36</HEADLEN>
    <SCRLEN1>10</SCRLEN1>
    <SCRLEN2>20</SCRLEN2>
    <SCRLEN3>40</SCRLEN3>
    <DDTEXT>Empfänger Applikation Id</DDTEXT>
    <REPTEXT>Empfänger Applikation Identifikation</REPTEXT>
    <SCRTEXT_S>EmpAppId</SCRTEXT_S>
    <SCRTEXT_M>Empf. Applikation Id</SCRTEXT_M>
    <SCRTEXT_L>Empfänger Empfänger Applikation Identifi</SCRTEXT_L>
    <DTELMASTER>D</DTELMASTER>
    <REFKIND>D</REFKIND>
   </DD04V>
  </asx:values>
 </asx:abap>
</abapGit>
