﻿<?xml version="1.0" encoding="utf-8"?>
<abapGit version="v1.0.0" serializer="LCL_OBJECT_DOMA" serializer_version="v1.0.0">
 <asx:abap xmlns:asx="http://www.sap.com/abapxml" version="1.0">
  <asx:values>
   <DD01V>
    <DOMNAME>/BVCCSAP/K7_ENV_TYPE</DOMNAME>
    <DDLANGUAGE>D</DDLANGUAGE>
    <DATATYPE>CHAR</DATATYPE>
    <LENG>000004</LENG>
    <OUTPUTLEN>000004</OUTPUTLEN>
    <VALEXI>X</VALEXI>
    <DDTEXT>Umgebungstyp</DDTEXT>
   </DD01V>
   <DD07V_TAB>
    <DD07V>
     <DOMNAME>/BVCCSAP/K7_ENV_TYPE</DOMNAME>
     <VALPOS>0001</VALPOS>
     <DDLANGUAGE>D</DDLANGUAGE>
     <DOMVALUE_L>EW</DOMVALUE_L>
     <DDTEXT>Entwicklung</DDTEXT>
    </DD07V>
    <DD07V>
     <DOMNAME>/BVCCSAP/K7_ENV_TYPE</DOMNAME>
     <VALPOS>0002</VALPOS>
     <DDLANGUAGE>D</DDLANGUAGE>
     <DOMVALUE_L>REF</DOMVALUE_L>
     <DDTEXT>Referenz</DDTEXT>
    </DD07V>
    <DD07V>
     <DOMNAME>/BVCCSAP/K7_ENV_TYPE</DOMNAME>
     <VALPOS>0003</VALPOS>
     <DDLANGUAGE>D</DDLANGUAGE>
     <DOMVALUE_L>ABN</DOMVALUE_L>
     <DDTEXT>Abnahme</DDTEXT>
    </DD07V>
    <DD07V>
     <DOMNAME>/BVCCSAP/K7_ENV_TYPE</DOMNAME>
     <VALPOS>0004</VALPOS>
     <DDLANGUAGE>D</DDLANGUAGE>
     <DOMVALUE_L>PROD</DOMVALUE_L>
     <DDTEXT>Produktion</DDTEXT>
    </DD07V>
   </DD07V_TAB>
  </asx:values>
 </asx:abap>
</abapGit>
