﻿<?xml version="1.0" encoding="utf-8"?>
<abapGit version="v1.0.0" serializer="LCL_OBJECT_DOMA" serializer_version="v1.0.0">
 <asx:abap xmlns:asx="http://www.sap.com/abapxml" version="1.0">
  <asx:values>
   <DD01V>
    <DOMNAME>/BVCCSAP/K7_CODELIST_TYPE</DOMNAME>
    <DDLANGUAGE>D</DDLANGUAGE>
    <DATATYPE>CHAR</DATATYPE>
    <LENG>000003</LENG>
    <OUTPUTLEN>000003</OUTPUTLEN>
    <VALEXI>X</VALEXI>
    <DDTEXT>Codelisten Typ</DDTEXT>
   </DD01V>
   <DD07V_TAB>
    <DD07V>
     <DOMNAME>/BVCCSAP/K7_CODELIST_TYPE</DOMNAME>
     <VALPOS>0001</VALPOS>
     <DDLANGUAGE>D</DDLANGUAGE>
     <DOMVALUE_L>IC</DOMVALUE_L>
     <DDTEXT>InfoCarrier Codes</DDTEXT>
    </DD07V>
    <DD07V>
     <DOMNAME>/BVCCSAP/K7_CODELIST_TYPE</DOMNAME>
     <VALPOS>0002</VALPOS>
     <DDLANGUAGE>D</DDLANGUAGE>
     <DOMVALUE_L>SC</DOMVALUE_L>
     <DDTEXT>Standard Codes</DDTEXT>
    </DD07V>
    <DD07V>
     <DOMNAME>/BVCCSAP/K7_CODELIST_TYPE</DOMNAME>
     <VALPOS>0003</VALPOS>
     <DDLANGUAGE>D</DDLANGUAGE>
     <DOMVALUE_L>RTC</DOMVALUE_L>
     <DDTEXT>Räumliche Topologie CH</DDTEXT>
    </DD07V>
    <DD07V>
     <DOMNAME>/BVCCSAP/K7_CODELIST_TYPE</DOMNAME>
     <VALPOS>0004</VALPOS>
     <DDLANGUAGE>D</DDLANGUAGE>
     <DOMVALUE_L>EC</DOMVALUE_L>
     <DDTEXT>Error Codes</DDTEXT>
    </DD07V>
    <DD07V>
     <DOMNAME>/BVCCSAP/K7_CODELIST_TYPE</DOMNAME>
     <VALPOS>0005</VALPOS>
     <DDLANGUAGE>D</DDLANGUAGE>
     <DOMVALUE_L>EVC</DOMVALUE_L>
     <DDTEXT>Event Codes</DDTEXT>
    </DD07V>
   </DD07V_TAB>
  </asx:values>
 </asx:abap>
</abapGit>
