﻿<?xml version="1.0" encoding="utf-8"?>
<abapGit version="v1.0.0" serializer="LCL_OBJECT_CLAS" serializer_version="v1.0.0">
 <asx:abap xmlns:asx="http://www.sap.com/abapxml" version="1.0">
  <asx:values>
   <VSEOCLASS>
    <CLSNAME>/BVCCSAP/CX_K7_CODELIST</CLSNAME>
    <VERSION>1</VERSION>
    <LANGU>D</LANGU>
    <DESCRIPT>Codelist Exception</DESCRIPT>
    <CATEGORY>40</CATEGORY>
    <STATE>1</STATE>
    <CLSCCINCL>X</CLSCCINCL>
    <FIXPT>X</FIXPT>
    <UNICODE>X</UNICODE>
   </VSEOCLASS>
   <DESCRIPTIONS>
    <SEOCOMPOTX>
     <CLSNAME>/BVCCSAP/CX_K7_CODELIST</CLSNAME>
     <CMPNAME>CONSTRUCTOR</CMPNAME>
     <LANGU>D</LANGU>
     <DESCRIPT>CONSTRUCTOR</DESCRIPT>
    </SEOCOMPOTX>
    <SEOCOMPOTX>
     <CLSNAME>/BVCCSAP/CX_K7_CODELIST</CLSNAME>
     <CMPNAME>MESSAGE_ID</CMPNAME>
     <LANGU>D</LANGU>
     <DESCRIPT>Nachrichtenklasse</DESCRIPT>
    </SEOCOMPOTX>
    <SEOCOMPOTX>
     <CLSNAME>/BVCCSAP/CX_K7_CODELIST</CLSNAME>
     <CMPNAME>MESSAGE_NUMBER</CMPNAME>
     <LANGU>D</LANGU>
     <DESCRIPT>Nachrichtennummer</DESCRIPT>
    </SEOCOMPOTX>
    <SEOCOMPOTX>
     <CLSNAME>/BVCCSAP/CX_K7_CODELIST</CLSNAME>
     <CMPNAME>MESSAGE_TYPE</CMPNAME>
     <LANGU>D</LANGU>
     <DESCRIPT>Nachrichtentyp</DESCRIPT>
    </SEOCOMPOTX>
    <SEOCOMPOTX>
     <CLSNAME>/BVCCSAP/CX_K7_CODELIST</CLSNAME>
     <CMPNAME>MESSAGE_V1</CMPNAME>
     <LANGU>D</LANGU>
     <DESCRIPT>Nachrichtenvariable</DESCRIPT>
    </SEOCOMPOTX>
    <SEOCOMPOTX>
     <CLSNAME>/BVCCSAP/CX_K7_CODELIST</CLSNAME>
     <CMPNAME>MESSAGE_V2</CMPNAME>
     <LANGU>D</LANGU>
     <DESCRIPT>Nachrichtenvariable</DESCRIPT>
    </SEOCOMPOTX>
    <SEOCOMPOTX>
     <CLSNAME>/BVCCSAP/CX_K7_CODELIST</CLSNAME>
     <CMPNAME>MESSAGE_V3</CMPNAME>
     <LANGU>D</LANGU>
     <DESCRIPT>Nachrichtenvariable</DESCRIPT>
    </SEOCOMPOTX>
    <SEOCOMPOTX>
     <CLSNAME>/BVCCSAP/CX_K7_CODELIST</CLSNAME>
     <CMPNAME>MESSAGE_V4</CMPNAME>
     <LANGU>D</LANGU>
     <DESCRIPT>Nachrichtenvariable</DESCRIPT>
    </SEOCOMPOTX>
   </DESCRIPTIONS>
  </asx:values>
 </asx:abap>
</abapGit>
