﻿<?xml version="1.0" encoding="utf-8"?>
<abapGit version="v1.0.0" serializer="LCL_OBJECT_TABL" serializer_version="v1.0.0">
 <asx:abap xmlns:asx="http://www.sap.com/abapxml" version="1.0">
  <asx:values>
   <DD02V>
    <TABNAME>/BVCCSAP/K7_CODEID_UI_TS</TABNAME>
    <DDLANGUAGE>D</DDLANGUAGE>
    <TABCLASS>INTTAB</TABCLASS>
    <DDTEXT>Code Id Werte / Bezeichnung für UI</DDTEXT>
    <EXCLASS>4</EXCLASS>
   </DD02V>
   <DD03P_TABLE>
    <DD03P>
     <TABNAME>/BVCCSAP/K7_CODEID_UI_TS</TABNAME>
     <FIELDNAME>IUD</FIELDNAME>
     <POSITION>0001</POSITION>
     <ROLLNAME>/BVCCSAP/K7_IUD</ROLLNAME>
     <ADMINFIELD>0</ADMINFIELD>
     <VALEXI>X</VALEXI>
     <SHLPORIGIN>F</SHLPORIGIN>
     <COMPTYPE>E</COMPTYPE>
    </DD03P>
    <DD03P>
     <TABNAME>/BVCCSAP/K7_CODEID_UI_TS</TABNAME>
     <FIELDNAME>CODEIDVALUE</FIELDNAME>
     <POSITION>0002</POSITION>
     <ROLLNAME>/BVCCSAP/K7_CODEIDVALUE</ROLLNAME>
     <ADMINFIELD>0</ADMINFIELD>
     <COMPTYPE>E</COMPTYPE>
    </DD03P>
    <DD03P>
     <TABNAME>/BVCCSAP/K7_CODEID_UI_TS</TABNAME>
     <FIELDNAME>VERSION_ID</FIELDNAME>
     <POSITION>0003</POSITION>
     <ROLLNAME>/BVCCSAP/K7_VERSION_ID</ROLLNAME>
     <ADMINFIELD>0</ADMINFIELD>
     <COMPTYPE>E</COMPTYPE>
    </DD03P>
    <DD03P>
     <TABNAME>/BVCCSAP/K7_CODEID_UI_TS</TABNAME>
     <FIELDNAME>SPRAS</FIELDNAME>
     <POSITION>0004</POSITION>
     <ROLLNAME>SPRAS</ROLLNAME>
     <ADMINFIELD>0</ADMINFIELD>
     <SHLPORIGIN>D</SHLPORIGIN>
     <COMPTYPE>E</COMPTYPE>
     <LANGUFLAG>X</LANGUFLAG>
    </DD03P>
    <DD03P>
     <TABNAME>/BVCCSAP/K7_CODEID_UI_TS</TABNAME>
     <FIELDNAME>CODEVALUEIDDESC</FIELDNAME>
     <POSITION>0005</POSITION>
     <ROLLNAME>/BVCCSAP/K7_CODEIDVALUEDESC</ROLLNAME>
     <ADMINFIELD>0</ADMINFIELD>
     <COMPTYPE>E</COMPTYPE>
    </DD03P>
   </DD03P_TABLE>
  </asx:values>
 </asx:abap>
</abapGit>
