﻿<?xml version="1.0" encoding="utf-8"?>
<abapGit version="v1.0.0" serializer="LCL_OBJECT_DTEL" serializer_version="v1.0.0">
 <asx:abap xmlns:asx="http://www.sap.com/abapxml" version="1.0">
  <asx:values>
   <DD04V>
    <ROLLNAME>/BVCCSAP/K7_OBJECT_TYPE</ROLLNAME>
    <DDLANGUAGE>D</DDLANGUAGE>
    <DOMNAME>/BVCCSAP/K7_OBJECT_TYPE</DOMNAME>
    <HEADLEN>04</HEADLEN>
    <SCRLEN1>10</SCRLEN1>
    <SCRLEN2>15</SCRLEN2>
    <SCRLEN3>20</SCRLEN3>
    <DDTEXT>Data Dictionary Objekttyp</DDTEXT>
    <REPTEXT>Otyp</REPTEXT>
    <SCRTEXT_S>Objekttyp</SCRTEXT_S>
    <SCRTEXT_M>Objekttyp</SCRTEXT_M>
    <SCRTEXT_L>Objekttyp</SCRTEXT_L>
    <APPLCLASS>SDIC</APPLCLASS>
    <DTELMASTER>D</DTELMASTER>
    <REFKIND>D</REFKIND>
   </DD04V>
   <I18N_LANGS>
    <LANGU>E</LANGU>
    <LANGU>F</LANGU>
    <LANGU>I</LANGU>
   </I18N_LANGS>
   <DD04_TEXTS>
    <item>
     <DDLANGUAGE>E</DDLANGUAGE>
     <DDTEXT>ABAP/4 Dictionary object type</DDTEXT>
     <REPTEXT>Type</REPTEXT>
     <SCRTEXT_S>Obj. type</SCRTEXT_S>
     <SCRTEXT_M>Object type</SCRTEXT_M>
     <SCRTEXT_L>Object type</SCRTEXT_L>
    </item>
    <item>
     <DDLANGUAGE>F</DDLANGUAGE>
     <DDTEXT>Type d&apos;objet du Data Dictionary</DDTEXT>
     <REPTEXT>TObj</REPTEXT>
     <SCRTEXT_S>Type objet</SCRTEXT_S>
     <SCRTEXT_M>Type d&apos;objet</SCRTEXT_M>
     <SCRTEXT_L>Type d&apos;objet</SCRTEXT_L>
    </item>
    <item>
     <DDLANGUAGE>I</DDLANGUAGE>
     <DDTEXT>Tipo di oggetto Data Dictionary</DDTEXT>
     <REPTEXT>Tp.o</REPTEXT>
     <SCRTEXT_S>Tipo ogg.</SCRTEXT_S>
     <SCRTEXT_M>Tipo ogg.</SCRTEXT_M>
     <SCRTEXT_L>Tipo ogg.</SCRTEXT_L>
    </item>
   </DD04_TEXTS>
  </asx:values>
 </asx:abap>
</abapGit>
