﻿<?xml version="1.0" encoding="utf-8"?>
<abapGit version="v1.0.0" serializer="LCL_OBJECT_TABL" serializer_version="v1.0.0">
 <asx:abap xmlns:asx="http://www.sap.com/abapxml" version="1.0">
  <asx:values>
   <DD02V>
    <TABNAME>/BVCCSAP/K7_CODEIDSELECTION_TS</TABNAME>
    <DDLANGUAGE>D</DDLANGUAGE>
    <TABCLASS>INTTAB</TABCLASS>
    <DDTEXT>CodeId Selektionskriterien</DDTEXT>
    <EXCLASS>4</EXCLASS>
   </DD02V>
   <DD03P_TABLE>
    <DD03P>
     <TABNAME>/BVCCSAP/K7_CODEIDSELECTION_TS</TABNAME>
     <FIELDNAME>IUD</FIELDNAME>
     <POSITION>0001</POSITION>
     <ROLLNAME>/BVCCSAP/K7_IUD</ROLLNAME>
     <ADMINFIELD>0</ADMINFIELD>
     <VALEXI>X</VALEXI>
     <SHLPORIGIN>F</SHLPORIGIN>
     <COMPTYPE>E</COMPTYPE>
    </DD03P>
    <DD03P>
     <TABNAME>/BVCCSAP/K7_CODEIDSELECTION_TS</TABNAME>
     <FIELDNAME>SYSTEMID</FIELDNAME>
     <POSITION>0002</POSITION>
     <ROLLNAME>/BVCCSAP/K7_SYSTEMID</ROLLNAME>
     <ADMINFIELD>0</ADMINFIELD>
     <COMPTYPE>E</COMPTYPE>
    </DD03P>
    <DD03P>
     <TABNAME>/BVCCSAP/K7_CODEIDSELECTION_TS</TABNAME>
     <FIELDNAME>CODEID</FIELDNAME>
     <POSITION>0003</POSITION>
     <ROLLNAME>/BVCCSAP/K7_CODEID</ROLLNAME>
     <ADMINFIELD>0</ADMINFIELD>
     <COMPTYPE>E</COMPTYPE>
    </DD03P>
    <DD03P>
     <TABNAME>/BVCCSAP/K7_CODEIDSELECTION_TS</TABNAME>
     <FIELDNAME>FIELDNAME</FIELDNAME>
     <POSITION>0004</POSITION>
     <ROLLNAME>FIELDNAME</ROLLNAME>
     <ADMINFIELD>0</ADMINFIELD>
     <COMPTYPE>E</COMPTYPE>
    </DD03P>
    <DD03P>
     <TABNAME>/BVCCSAP/K7_CODEIDSELECTION_TS</TABNAME>
     <FIELDNAME>REC_NR</FIELDNAME>
     <POSITION>0005</POSITION>
     <ROLLNAME>/BVCCSAP/K7_SEL_CRITERIA_ID</ROLLNAME>
     <ADMINFIELD>0</ADMINFIELD>
     <COMPTYPE>E</COMPTYPE>
    </DD03P>
    <DD03P>
     <TABNAME>/BVCCSAP/K7_CODEIDSELECTION_TS</TABNAME>
     <FIELDNAME>SQL_OPTION</FIELDNAME>
     <POSITION>0006</POSITION>
     <ROLLNAME>FDT_WD_OPERATOR_AND_OR</ROLLNAME>
     <ADMINFIELD>0</ADMINFIELD>
     <VALEXI>X</VALEXI>
     <SHLPORIGIN>F</SHLPORIGIN>
     <COMPTYPE>E</COMPTYPE>
    </DD03P>
    <DD03P>
     <TABNAME>/BVCCSAP/K7_CODEIDSELECTION_TS</TABNAME>
     <FIELDNAME>KEY_COMP_OPTION</FIELDNAME>
     <POSITION>0007</POSITION>
     <ROLLNAME>/BVCCSAP/K7_OPTION</ROLLNAME>
     <ADMINFIELD>0</ADMINFIELD>
     <VALEXI>X</VALEXI>
     <SHLPORIGIN>F</SHLPORIGIN>
     <COMPTYPE>E</COMPTYPE>
    </DD03P>
    <DD03P>
     <TABNAME>/BVCCSAP/K7_CODEIDSELECTION_TS</TABNAME>
     <FIELDNAME>KEY_COMP_VALUE_LOW</FIELDNAME>
     <POSITION>0008</POSITION>
     <ROLLNAME>CP_LOW</ROLLNAME>
     <ADMINFIELD>0</ADMINFIELD>
     <COMPTYPE>E</COMPTYPE>
    </DD03P>
    <DD03P>
     <TABNAME>/BVCCSAP/K7_CODEIDSELECTION_TS</TABNAME>
     <FIELDNAME>KEY_COMP_VALUE_HIGH</FIELDNAME>
     <POSITION>0009</POSITION>
     <ROLLNAME>CP_HIGH</ROLLNAME>
     <ADMINFIELD>0</ADMINFIELD>
     <COMPTYPE>E</COMPTYPE>
    </DD03P>
    <DD03P>
     <TABNAME>/BVCCSAP/K7_CODEIDSELECTION_TS</TABNAME>
     <FIELDNAME>READ_ONLY</FIELDNAME>
     <POSITION>0010</POSITION>
     <ROLLNAME>XFELD</ROLLNAME>
     <ADMINFIELD>0</ADMINFIELD>
     <VALEXI>X</VALEXI>
     <SHLPORIGIN>F</SHLPORIGIN>
     <COMPTYPE>E</COMPTYPE>
    </DD03P>
   </DD03P_TABLE>
  </asx:values>
 </asx:abap>
</abapGit>
