﻿<?xml version="1.0" encoding="utf-8"?>
<abapGit version="v1.0.0" serializer="LCL_OBJECT_TABL" serializer_version="v1.0.0">
 <asx:abap xmlns:asx="http://www.sap.com/abapxml" version="1.0">
  <asx:values>
   <DD02V>
    <TABNAME>/BVCCSAP/K7_CODEID_IMPORT_TS</TABNAME>
    <DDLANGUAGE>D</DDLANGUAGE>
    <TABCLASS>INTTAB</TABCLASS>
    <DDTEXT>Code Id Importstruktur</DDTEXT>
    <EXCLASS>4</EXCLASS>
   </DD02V>
   <DD03P_TABLE>
    <DD03P>
     <TABNAME>/BVCCSAP/K7_CODEID_IMPORT_TS</TABNAME>
     <FIELDNAME>IUD</FIELDNAME>
     <POSITION>0001</POSITION>
     <ROLLNAME>/BVCCSAP/K7_IUD</ROLLNAME>
     <ADMINFIELD>0</ADMINFIELD>
     <VALEXI>X</VALEXI>
     <SHLPORIGIN>F</SHLPORIGIN>
     <COMPTYPE>E</COMPTYPE>
    </DD03P>
    <DD03P>
     <TABNAME>/BVCCSAP/K7_CODEID_IMPORT_TS</TABNAME>
     <FIELDNAME>SYSTEMID</FIELDNAME>
     <POSITION>0002</POSITION>
     <ROLLNAME>/BVCCSAP/K7_SYSTEMID</ROLLNAME>
     <ADMINFIELD>0</ADMINFIELD>
     <COMPTYPE>E</COMPTYPE>
    </DD03P>
    <DD03P>
     <TABNAME>/BVCCSAP/K7_CODEID_IMPORT_TS</TABNAME>
     <FIELDNAME>CODEID</FIELDNAME>
     <POSITION>0003</POSITION>
     <ROLLNAME>/BVCCSAP/K7_CODEID</ROLLNAME>
     <ADMINFIELD>0</ADMINFIELD>
     <COMPTYPE>E</COMPTYPE>
    </DD03P>
    <DD03P>
     <TABNAME>/BVCCSAP/K7_CODEID_IMPORT_TS</TABNAME>
     <FIELDNAME>CODEIDDESC</FIELDNAME>
     <POSITION>0004</POSITION>
     <ROLLNAME>/BVCCSAP/K7_CODEIDDESC</ROLLNAME>
     <ADMINFIELD>0</ADMINFIELD>
     <COMPTYPE>E</COMPTYPE>
    </DD03P>
    <DD03P>
     <TABNAME>/BVCCSAP/K7_CODEID_IMPORT_TS</TABNAME>
     <FIELDNAME>DATA_ELEMENT</FIELDNAME>
     <POSITION>0005</POSITION>
     <ROLLNAME>ROLLNAME</ROLLNAME>
     <ADMINFIELD>0</ADMINFIELD>
     <SHLPORIGIN>D</SHLPORIGIN>
     <COMPTYPE>E</COMPTYPE>
    </DD03P>
    <DD03P>
     <TABNAME>/BVCCSAP/K7_CODEID_IMPORT_TS</TABNAME>
     <FIELDNAME>CODEIDVALUE</FIELDNAME>
     <POSITION>0006</POSITION>
     <ROLLNAME>/BVCCSAP/K7_CODEIDVALUE</ROLLNAME>
     <ADMINFIELD>0</ADMINFIELD>
     <COMPTYPE>E</COMPTYPE>
    </DD03P>
    <DD03P>
     <TABNAME>/BVCCSAP/K7_CODEID_IMPORT_TS</TABNAME>
     <FIELDNAME>CODEVALUEIDDESC_DE</FIELDNAME>
     <POSITION>0007</POSITION>
     <ROLLNAME>/BVCCSAP/K7_CODEIDVALUEDESC</ROLLNAME>
     <ADMINFIELD>0</ADMINFIELD>
     <COMPTYPE>E</COMPTYPE>
    </DD03P>
    <DD03P>
     <TABNAME>/BVCCSAP/K7_CODEID_IMPORT_TS</TABNAME>
     <FIELDNAME>CODEVALUEIDDESC_FR</FIELDNAME>
     <POSITION>0008</POSITION>
     <ROLLNAME>/BVCCSAP/K7_CODEIDVALUEDESC</ROLLNAME>
     <ADMINFIELD>0</ADMINFIELD>
     <COMPTYPE>E</COMPTYPE>
    </DD03P>
    <DD03P>
     <TABNAME>/BVCCSAP/K7_CODEID_IMPORT_TS</TABNAME>
     <FIELDNAME>CODEVALUEIDDESC_IT</FIELDNAME>
     <POSITION>0009</POSITION>
     <ROLLNAME>/BVCCSAP/K7_CODEIDVALUEDESC</ROLLNAME>
     <ADMINFIELD>0</ADMINFIELD>
     <COMPTYPE>E</COMPTYPE>
    </DD03P>
    <DD03P>
     <TABNAME>/BVCCSAP/K7_CODEID_IMPORT_TS</TABNAME>
     <FIELDNAME>CODEVALUEIDDESC_EN</FIELDNAME>
     <POSITION>0010</POSITION>
     <ROLLNAME>/BVCCSAP/K7_CODEIDVALUEDESC</ROLLNAME>
     <ADMINFIELD>0</ADMINFIELD>
     <COMPTYPE>E</COMPTYPE>
    </DD03P>
    <DD03P>
     <TABNAME>/BVCCSAP/K7_CODEID_IMPORT_TS</TABNAME>
     <FIELDNAME>CODEID_REMARK</FIELDNAME>
     <POSITION>0011</POSITION>
     <ROLLNAME>/BVCCSAP/K7_CODEID_REMARK</ROLLNAME>
     <ADMINFIELD>0</ADMINFIELD>
     <COMPTYPE>E</COMPTYPE>
    </DD03P>
   </DD03P_TABLE>
  </asx:values>
 </asx:abap>
</abapGit>
