﻿<?xml version="1.0" encoding="utf-8"?>
<abapGit version="v1.0.0" serializer="LCL_OBJECT_DTEL" serializer_version="v1.0.0">
 <asx:abap xmlns:asx="http://www.sap.com/abapxml" version="1.0">
  <asx:values>
   <DD04V>
    <ROLLNAME>/BVCCSAP/K7_ENV_NAME</ROLLNAME>
    <DDLANGUAGE>D</DDLANGUAGE>
    <DOMNAME>CHAR40_LOW</DOMNAME>
    <HEADLEN>40</HEADLEN>
    <SCRLEN1>10</SCRLEN1>
    <SCRLEN2>20</SCRLEN2>
    <SCRLEN3>40</SCRLEN3>
    <DDTEXT>Umgebungsname</DDTEXT>
    <REPTEXT>Umgebungsname</REPTEXT>
    <SCRTEXT_S>UmgName</SCRTEXT_S>
    <SCRTEXT_M>Umgebungsname</SCRTEXT_M>
    <SCRTEXT_L>Umgebungsname</SCRTEXT_L>
    <DTELMASTER>D</DTELMASTER>
    <REFKIND>D</REFKIND>
   </DD04V>
  </asx:values>
 </asx:abap>
</abapGit>
