﻿<?xml version="1.0" encoding="utf-8"?>
<abapGit version="v1.0.0" serializer="LCL_OBJECT_CLAS" serializer_version="v1.0.0">
 <asx:abap xmlns:asx="http://www.sap.com/abapxml" version="1.0">
  <asx:values>
   <VSEOCLASS>
    <CLSNAME>/BVCCSAP/CL_K7_CODELIST_DATA</CLSNAME>
    <VERSION>1</VERSION>
    <LANGU>D</LANGU>
    <DESCRIPT>Codelisten Daten Handler</DESCRIPT>
    <STATE>1</STATE>
    <CLSCCINCL>X</CLSCCINCL>
    <FIXPT>X</FIXPT>
    <UNICODE>X</UNICODE>
   </VSEOCLASS>
   <DESCRIPTIONS>
    <SEOCOMPOTX>
     <CLSNAME>/BVCCSAP/CL_K7_CODELIST_DATA</CLSNAME>
     <CMPNAME>EXPORT_TO_EXCEL</CMPNAME>
     <LANGU>D</LANGU>
     <DESCRIPT>Codelisten in Exceldatei exportieren</DESCRIPT>
    </SEOCOMPOTX>
    <SEOCOMPOTX>
     <CLSNAME>/BVCCSAP/CL_K7_CODELIST_DATA</CLSNAME>
     <CMPNAME>GC_LANGUAGES</CMPNAME>
     <LANGU>D</LANGU>
     <DESCRIPT>Unterstützte Sprachen</DESCRIPT>
    </SEOCOMPOTX>
    <SEOCOMPOTX>
     <CLSNAME>/BVCCSAP/CL_K7_CODELIST_DATA</CLSNAME>
     <CMPNAME>GS_EXCEL_TEMPLATE</CMPNAME>
     <LANGU>D</LANGU>
     <DESCRIPT>Excel XML Template Datei</DESCRIPT>
    </SEOCOMPOTX>
    <SEOCOMPOTX>
     <CLSNAME>/BVCCSAP/CL_K7_CODELIST_DATA</CLSNAME>
     <CMPNAME>GT_CODE_LIST_TYPE</CMPNAME>
     <LANGU>D</LANGU>
     <DESCRIPT>Tabelle Codelisten Typen</DESCRIPT>
    </SEOCOMPOTX>
    <SEOCOMPOTX>
     <CLSNAME>/BVCCSAP/CL_K7_CODELIST_DATA</CLSNAME>
     <CMPNAME>GT_ENVIRONMENT</CMPNAME>
     <LANGU>D</LANGU>
     <DESCRIPT>System-Umgebung</DESCRIPT>
    </SEOCOMPOTX>
    <SEOCOMPOTX>
     <CLSNAME>/BVCCSAP/CL_K7_CODELIST_DATA</CLSNAME>
     <CMPNAME>GT_LANGUAGE</CMPNAME>
     <LANGU>D</LANGU>
     <DESCRIPT>Unterstützte Sprachen</DESCRIPT>
    </SEOCOMPOTX>
    <SEOCOMPOTX>
     <CLSNAME>/BVCCSAP/CL_K7_CODELIST_DATA</CLSNAME>
     <CMPNAME>GT_SERVICEID</CMPNAME>
     <LANGU>D</LANGU>
     <DESCRIPT>Tabellentyp Service Id</DESCRIPT>
    </SEOCOMPOTX>
    <SEOCOMPOTX>
     <CLSNAME>/BVCCSAP/CL_K7_CODELIST_DATA</CLSNAME>
     <CMPNAME>GT_SYSTEMID</CMPNAME>
     <LANGU>D</LANGU>
     <DESCRIPT>Tabellentyp System Id</DESCRIPT>
    </SEOCOMPOTX>
    <SEOCOMPOTX>
     <CLSNAME>/BVCCSAP/CL_K7_CODELIST_DATA</CLSNAME>
     <CMPNAME>MO_TRANSPORT_HNDL</CMPNAME>
     <LANGU>D</LANGU>
     <DESCRIPT>Transport Handler</DESCRIPT>
    </SEOCOMPOTX>
    <SEOCOMPOTX>
     <CLSNAME>/BVCCSAP/CL_K7_CODELIST_DATA</CLSNAME>
     <CMPNAME>MS_CH_TOPOL_DATA</CMPNAME>
     <LANGU>D</LANGU>
     <DESCRIPT>Daten der räumliche Topologie der Schweiz</DESCRIPT>
    </SEOCOMPOTX>
    <SEOCOMPOTX>
     <CLSNAME>/BVCCSAP/CL_K7_CODELIST_DATA</CLSNAME>
     <CMPNAME>MS_CURRENT_CODELIST_VERSION</CMPNAME>
     <LANGU>D</LANGU>
     <DESCRIPT>Aktuelle Version</DESCRIPT>
    </SEOCOMPOTX>
    <SEOCOMPOTX>
     <CLSNAME>/BVCCSAP/CL_K7_CODELIST_DATA</CLSNAME>
     <CMPNAME>MS_NEW_CODELIST_VERSION</CMPNAME>
     <LANGU>D</LANGU>
     <DESCRIPT>Neue Version</DESCRIPT>
    </SEOCOMPOTX>
    <SEOCOMPOTX>
     <CLSNAME>/BVCCSAP/CL_K7_CODELIST_DATA</CLSNAME>
     <CMPNAME>MT_CHANGE_LOG</CMPNAME>
     <LANGU>D</LANGU>
     <DESCRIPT>Tabellentyp Change Log</DESCRIPT>
    </SEOCOMPOTX>
    <SEOCOMPOTX>
     <CLSNAME>/BVCCSAP/CL_K7_CODELIST_DATA</CLSNAME>
     <CMPNAME>MT_CODEID</CMPNAME>
     <LANGU>D</LANGU>
     <DESCRIPT>Code Id</DESCRIPT>
    </SEOCOMPOTX>
    <SEOCOMPOTX>
     <CLSNAME>/BVCCSAP/CL_K7_CODELIST_DATA</CLSNAME>
     <CMPNAME>MT_CODELIST_VERSION</CMPNAME>
     <LANGU>D</LANGU>
     <DESCRIPT>Tabellentyp Codelisten Versionen</DESCRIPT>
    </SEOCOMPOTX>
    <SEOCOMPOTX>
     <CLSNAME>/BVCCSAP/CL_K7_CODELIST_DATA</CLSNAME>
     <CMPNAME>MT_ERROR_CODE</CMPNAME>
     <LANGU>D</LANGU>
     <DESCRIPT>Tabellentyp Error Codes</DESCRIPT>
    </SEOCOMPOTX>
    <SEOCOMPOTX>
     <CLSNAME>/BVCCSAP/CL_K7_CODELIST_DATA</CLSNAME>
     <CMPNAME>MT_INFO_CARRIER</CMPNAME>
     <LANGU>D</LANGU>
     <DESCRIPT>Infocarrier Codes</DESCRIPT>
    </SEOCOMPOTX>
    <SEOCOMPOTX>
     <CLSNAME>/BVCCSAP/CL_K7_CODELIST_DATA</CLSNAME>
     <CMPNAME>MV_CODELIST_TYPE</CMPNAME>
     <LANGU>D</LANGU>
     <DESCRIPT>Codelisten Typ</DESCRIPT>
    </SEOCOMPOTX>
    <SEOCOMPOTX>
     <CLSNAME>/BVCCSAP/CL_K7_CODELIST_DATA</CLSNAME>
     <CMPNAME>MV_INITIAL_LOAD</CMPNAME>
     <LANGU>D</LANGU>
     <DESCRIPT>Initialer Load durchführen</DESCRIPT>
    </SEOCOMPOTX>
    <SEOCOMPOTX>
     <CLSNAME>/BVCCSAP/CL_K7_CODELIST_DATA</CLSNAME>
     <CMPNAME>MV_INITIAL_VERSION</CMPNAME>
     <LANGU>D</LANGU>
     <DESCRIPT>Initiale Version</DESCRIPT>
    </SEOCOMPOTX>
    <SEOCOMPOTX>
     <CLSNAME>/BVCCSAP/CL_K7_CODELIST_DATA</CLSNAME>
     <CMPNAME>MV_NEW_VERSION_ACTIVE</CMPNAME>
     <LANGU>D</LANGU>
     <DESCRIPT>Neue Version aktiv</DESCRIPT>
    </SEOCOMPOTX>
    <SEOCOMPOTX>
     <CLSNAME>/BVCCSAP/CL_K7_CODELIST_DATA</CLSNAME>
     <CMPNAME>READ_CHANGE_LOG</CMPNAME>
     <LANGU>D</LANGU>
     <DESCRIPT>Lesen Change Log</DESCRIPT>
    </SEOCOMPOTX>
    <SEOCOMPOTX>
     <CLSNAME>/BVCCSAP/CL_K7_CODELIST_DATA</CLSNAME>
     <CMPNAME>READ_ENVIRONMENTS</CMPNAME>
     <LANGU>D</LANGU>
     <DESCRIPT>Lesen Systemungebungen</DESCRIPT>
    </SEOCOMPOTX>
    <SEOCOMPOTX>
     <CLSNAME>/BVCCSAP/CL_K7_CODELIST_DATA</CLSNAME>
     <CMPNAME>READ_MUNICIPAL_INVENTORY</CMPNAME>
     <LANGU>D</LANGU>
     <DESCRIPT>Lesen Gemeindedestand zum Stichtag</DESCRIPT>
    </SEOCOMPOTX>
    <SEOCOMPOTX>
     <CLSNAME>/BVCCSAP/CL_K7_CODELIST_DATA</CLSNAME>
     <CMPNAME>READ_SERVICEID</CMPNAME>
     <LANGU>D</LANGU>
     <DESCRIPT>Lesen Service ID</DESCRIPT>
    </SEOCOMPOTX>
    <SEOCOMPOTX>
     <CLSNAME>/BVCCSAP/CL_K7_CODELIST_DATA</CLSNAME>
     <CMPNAME>READ_SYSTEMID</CMPNAME>
     <LANGU>D</LANGU>
     <DESCRIPT>Lesen System ID</DESCRIPT>
    </SEOCOMPOTX>
   </DESCRIPTIONS>
  </asx:values>
 </asx:abap>
</abapGit>
