﻿<?xml version="1.0" encoding="utf-8"?>
<abapGit version="v1.0.0" serializer="LCL_OBJECT_VIEW" serializer_version="v1.0.0">
 <asx:abap xmlns:asx="http://www.sap.com/abapxml" version="1.0">
  <asx:values>
   <DD25V>
    <VIEWNAME>/BVCCSAP/K7_500P</VIEWNAME>
    <AS4LOCAL>A</AS4LOCAL>
    <DDLANGUAGE>D</DDLANGUAGE>
    <AGGTYPE>V</AGGTYPE>
    <ROOTTAB>/BVCCSAP/K7_0500</ROOTTAB>
    <DDTEXT>View SystemId</DDTEXT>
    <VIEWCLASS>C</VIEWCLASS>
    <CUSTOMAUTH>C</CUSTOMAUTH>
    <GLOBALFLAG>X</GLOBALFLAG>
   </DD25V>
   <DD26V_TABLE>
    <DD26V>
     <VIEWNAME>/BVCCSAP/K7_500P</VIEWNAME>
     <TABNAME>/BVCCSAP/K7_0500</TABNAME>
     <TABPOS>0001</TABPOS>
     <FORTABNAME>/BVCCSAP/K7_0500</FORTABNAME>
    </DD26V>
    <DD26V>
     <VIEWNAME>/BVCCSAP/K7_500P</VIEWNAME>
     <TABNAME>/BVCCSAP/K7_500T</TABNAME>
     <TABPOS>0002</TABPOS>
     <FORTABNAME>/BVCCSAP/K7_0500</FORTABNAME>
     <FORFIELD>SYSTEMID</FORFIELD>
     <FORDIR>I</FORDIR>
    </DD26V>
   </DD26V_TABLE>
   <DD27P_TABLE>
    <DD27P>
     <VIEWNAME>/BVCCSAP/K7_500P</VIEWNAME>
     <OBJPOS>0001</OBJPOS>
     <DDLANGUAGE>D</DDLANGUAGE>
     <VIEWFIELD>MANDT</VIEWFIELD>
     <TABNAME>/BVCCSAP/K7_0500</TABNAME>
     <FIELDNAME>MANDT</FIELDNAME>
     <KEYFLAG>X</KEYFLAG>
     <ROLLNAME>MANDT</ROLLNAME>
     <ROLLNAMEVI>MANDT</ROLLNAMEVI>
    </DD27P>
    <DD27P>
     <VIEWNAME>/BVCCSAP/K7_500P</VIEWNAME>
     <OBJPOS>0002</OBJPOS>
     <DDLANGUAGE>D</DDLANGUAGE>
     <VIEWFIELD>SYSTEMID</VIEWFIELD>
     <TABNAME>/BVCCSAP/K7_0500</TABNAME>
     <FIELDNAME>SYSTEMID</FIELDNAME>
     <KEYFLAG>X</KEYFLAG>
     <ROLLNAME>/BVCCSAP/K7_SYSTEMID</ROLLNAME>
     <ROLLNAMEVI>/BVCCSAP/K7_SYSTEMID</ROLLNAMEVI>
    </DD27P>
    <DD27P>
     <VIEWNAME>/BVCCSAP/K7_500P</VIEWNAME>
     <OBJPOS>0003</OBJPOS>
     <DDLANGUAGE>D</DDLANGUAGE>
     <VIEWFIELD>SYSTEMIDDESC</VIEWFIELD>
     <TABNAME>/BVCCSAP/K7_500T</TABNAME>
     <FIELDNAME>SYSTEMIDDESC</FIELDNAME>
     <ROLLNAME>/BVCCSAP/K7_SYSTEMIDDESC</ROLLNAME>
     <ROLLNAMEVI>/BVCCSAP/K7_SYSTEMIDDESC</ROLLNAMEVI>
    </DD27P>
   </DD27P_TABLE>
   <DD28J_TABLE>
    <DD28J>
     <VIEWNAME>/BVCCSAP/K7_500P</VIEWNAME>
     <LTAB>/BVCCSAP/K7_0500</LTAB>
     <LFIELD>MANDT</LFIELD>
     <OPERATOR>EQ</OPERATOR>
     <RTAB>/BVCCSAP/K7_500T</RTAB>
     <RFIELD>MANDT</RFIELD>
     <SOURCE>F</SOURCE>
     <FRKTAB>/BVCCSAP/K7_500T</FRKTAB>
     <FRKFIELD>SYSTEMID</FRKFIELD>
     <FRKDIR>I</FRKDIR>
    </DD28J>
    <DD28J>
     <VIEWNAME>/BVCCSAP/K7_500P</VIEWNAME>
     <LTAB>/BVCCSAP/K7_0500</LTAB>
     <LFIELD>SYSTEMID</LFIELD>
     <OPERATOR>EQ</OPERATOR>
     <RTAB>/BVCCSAP/K7_500T</RTAB>
     <RFIELD>SYSTEMID</RFIELD>
     <SOURCE>F</SOURCE>
     <FRKTAB>/BVCCSAP/K7_500T</FRKTAB>
     <FRKFIELD>SYSTEMID</FRKFIELD>
     <FRKDIR>I</FRKDIR>
    </DD28J>
   </DD28J_TABLE>
  </asx:values>
 </asx:abap>
</abapGit>
