﻿<?xml version="1.0" encoding="utf-8"?>
<abapGit version="v1.0.0" serializer="LCL_OBJECT_DTEL" serializer_version="v1.0.0">
 <asx:abap xmlns:asx="http://www.sap.com/abapxml" version="1.0">
  <asx:values>
   <DD04V>
    <ROLLNAME>/BVCCSAP/K7_INFOCARR_VERSION</ROLLNAME>
    <DDLANGUAGE>D</DDLANGUAGE>
    <DOMNAME>NUM05</DOMNAME>
    <HEADLEN>26</HEADLEN>
    <SCRLEN1>10</SCRLEN1>
    <SCRLEN2>20</SCRLEN2>
    <SCRLEN3>26</SCRLEN3>
    <DDTEXT>Infocarrier Versionsnummer</DDTEXT>
    <REPTEXT>Infocarrier Versionsnummer</REPTEXT>
    <SCRTEXT_S>InfCarVers</SCRTEXT_S>
    <SCRTEXT_M>Infocarrier Versions</SCRTEXT_M>
    <SCRTEXT_L>Infocarrier Versionsnummer</SCRTEXT_L>
    <DTELMASTER>D</DTELMASTER>
    <REFKIND>D</REFKIND>
   </DD04V>
   <I18N_LANGS>
    <LANGU>E</LANGU>
    <LANGU>F</LANGU>
    <LANGU>I</LANGU>
   </I18N_LANGS>
   <DD04_TEXTS>
    <item>
     <DDLANGUAGE>E</DDLANGUAGE>
     <DDTEXT>Version number</DDTEXT>
     <REPTEXT>Version number</REPTEXT>
     <SCRTEXT_S>Version</SCRTEXT_S>
     <SCRTEXT_M>Version number</SCRTEXT_M>
     <SCRTEXT_L>Version number</SCRTEXT_L>
    </item>
    <item>
     <DDLANGUAGE>F</DDLANGUAGE>
     <DDTEXT>Numéro de version</DDTEXT>
     <REPTEXT>Nº de version</REPTEXT>
     <SCRTEXT_S>Version</SCRTEXT_S>
     <SCRTEXT_M>Nº de version</SCRTEXT_M>
     <SCRTEXT_L>Numéro de version</SCRTEXT_L>
    </item>
    <item>
     <DDLANGUAGE>I</DDLANGUAGE>
     <DDTEXT>Numero versione</DDTEXT>
     <REPTEXT>Numero versione</REPTEXT>
     <SCRTEXT_S>Versione</SCRTEXT_S>
     <SCRTEXT_M>Numero versione</SCRTEXT_M>
     <SCRTEXT_L>Numero versione</SCRTEXT_L>
    </item>
   </DD04_TEXTS>
  </asx:values>
 </asx:abap>
</abapGit>
