﻿<?xml version="1.0" encoding="utf-8"?>
<abapGit version="v1.0.0" serializer="LCL_OBJECT_DTEL" serializer_version="v1.0.0">
 <asx:abap xmlns:asx="http://www.sap.com/abapxml" version="1.0">
  <asx:values>
   <DD04V>
    <ROLLNAME>/BVCCSAP/K7_MUNICIPLONGNAME</ROLLNAME>
    <DDLANGUAGE>D</DDLANGUAGE>
    <DOMNAME>LCHAR40</DOMNAME>
    <HEADLEN>55</HEADLEN>
    <SCRLEN1>10</SCRLEN1>
    <SCRLEN2>20</SCRLEN2>
    <SCRLEN3>40</SCRLEN3>
    <DDTEXT>Gemeindename lang</DDTEXT>
    <REPTEXT>Gmd-Name</REPTEXT>
    <SCRTEXT_S>Gmd-Name</SCRTEXT_S>
    <SCRTEXT_M>Gemeindename lang</SCRTEXT_M>
    <SCRTEXT_L>Gemeindename lang</SCRTEXT_L>
    <DTELMASTER>D</DTELMASTER>
    <REFKIND>D</REFKIND>
   </DD04V>
  </asx:values>
 </asx:abap>
</abapGit>
