﻿<?xml version="1.0" encoding="utf-8"?>
<abapGit version="v1.0.0" serializer="LCL_OBJECT_DOMA" serializer_version="v1.0.0">
 <asx:abap xmlns:asx="http://www.sap.com/abapxml" version="1.0">
  <asx:values>
   <DD01V>
    <DOMNAME>/BVCCSAP/K7_CANTONABBREVIATION</DOMNAME>
    <DDLANGUAGE>D</DDLANGUAGE>
    <DATATYPE>CHAR</DATATYPE>
    <LENG>000002</LENG>
    <OUTPUTLEN>000002</OUTPUTLEN>
    <VALEXI>X</VALEXI>
    <DDTEXT>Domäne Kantonskurzzeichen</DDTEXT>
   </DD01V>
   <DD07V_TAB>
    <DD07V>
     <DOMNAME>/BVCCSAP/K7_CANTONABBREVIATION</DOMNAME>
     <VALPOS>0001</VALPOS>
     <DDLANGUAGE>D</DDLANGUAGE>
     <DOMVALUE_L>ZH</DOMVALUE_L>
     <DDTEXT>Zürich</DDTEXT>
    </DD07V>
    <DD07V>
     <DOMNAME>/BVCCSAP/K7_CANTONABBREVIATION</DOMNAME>
     <VALPOS>0002</VALPOS>
     <DDLANGUAGE>D</DDLANGUAGE>
     <DOMVALUE_L>BE</DOMVALUE_L>
     <DDTEXT>Bern / Berne</DDTEXT>
    </DD07V>
    <DD07V>
     <DOMNAME>/BVCCSAP/K7_CANTONABBREVIATION</DOMNAME>
     <VALPOS>0003</VALPOS>
     <DDLANGUAGE>D</DDLANGUAGE>
     <DOMVALUE_L>LU</DOMVALUE_L>
     <DDTEXT>Luzern</DDTEXT>
    </DD07V>
    <DD07V>
     <DOMNAME>/BVCCSAP/K7_CANTONABBREVIATION</DOMNAME>
     <VALPOS>0004</VALPOS>
     <DDLANGUAGE>D</DDLANGUAGE>
     <DOMVALUE_L>UR</DOMVALUE_L>
     <DDTEXT>Uri</DDTEXT>
    </DD07V>
    <DD07V>
     <DOMNAME>/BVCCSAP/K7_CANTONABBREVIATION</DOMNAME>
     <VALPOS>0005</VALPOS>
     <DDLANGUAGE>D</DDLANGUAGE>
     <DOMVALUE_L>SZ</DOMVALUE_L>
     <DDTEXT>Schwyz</DDTEXT>
    </DD07V>
    <DD07V>
     <DOMNAME>/BVCCSAP/K7_CANTONABBREVIATION</DOMNAME>
     <VALPOS>0006</VALPOS>
     <DDLANGUAGE>D</DDLANGUAGE>
     <DOMVALUE_L>OW</DOMVALUE_L>
     <DDTEXT>Obwalden</DDTEXT>
    </DD07V>
    <DD07V>
     <DOMNAME>/BVCCSAP/K7_CANTONABBREVIATION</DOMNAME>
     <VALPOS>0007</VALPOS>
     <DDLANGUAGE>D</DDLANGUAGE>
     <DOMVALUE_L>NW</DOMVALUE_L>
     <DDTEXT>Nidwalden</DDTEXT>
    </DD07V>
    <DD07V>
     <DOMNAME>/BVCCSAP/K7_CANTONABBREVIATION</DOMNAME>
     <VALPOS>0008</VALPOS>
     <DDLANGUAGE>D</DDLANGUAGE>
     <DOMVALUE_L>GL</DOMVALUE_L>
     <DDTEXT>Glarus</DDTEXT>
    </DD07V>
    <DD07V>
     <DOMNAME>/BVCCSAP/K7_CANTONABBREVIATION</DOMNAME>
     <VALPOS>0009</VALPOS>
     <DDLANGUAGE>D</DDLANGUAGE>
     <DOMVALUE_L>ZG</DOMVALUE_L>
     <DDTEXT>Zug</DDTEXT>
    </DD07V>
    <DD07V>
     <DOMNAME>/BVCCSAP/K7_CANTONABBREVIATION</DOMNAME>
     <VALPOS>0010</VALPOS>
     <DDLANGUAGE>D</DDLANGUAGE>
     <DOMVALUE_L>FR</DOMVALUE_L>
     <DDTEXT>Fribourg / Freiburg</DDTEXT>
    </DD07V>
    <DD07V>
     <DOMNAME>/BVCCSAP/K7_CANTONABBREVIATION</DOMNAME>
     <VALPOS>0011</VALPOS>
     <DDLANGUAGE>D</DDLANGUAGE>
     <DOMVALUE_L>SO</DOMVALUE_L>
     <DDTEXT>Solothurn</DDTEXT>
    </DD07V>
    <DD07V>
     <DOMNAME>/BVCCSAP/K7_CANTONABBREVIATION</DOMNAME>
     <VALPOS>0012</VALPOS>
     <DDLANGUAGE>D</DDLANGUAGE>
     <DOMVALUE_L>BS</DOMVALUE_L>
     <DDTEXT>Basel-Stadt</DDTEXT>
    </DD07V>
    <DD07V>
     <DOMNAME>/BVCCSAP/K7_CANTONABBREVIATION</DOMNAME>
     <VALPOS>0013</VALPOS>
     <DDLANGUAGE>D</DDLANGUAGE>
     <DOMVALUE_L>BL</DOMVALUE_L>
     <DDTEXT>Basel-Landschaft</DDTEXT>
    </DD07V>
    <DD07V>
     <DOMNAME>/BVCCSAP/K7_CANTONABBREVIATION</DOMNAME>
     <VALPOS>0014</VALPOS>
     <DDLANGUAGE>D</DDLANGUAGE>
     <DOMVALUE_L>SH</DOMVALUE_L>
     <DDTEXT>Schaffhausen</DDTEXT>
    </DD07V>
    <DD07V>
     <DOMNAME>/BVCCSAP/K7_CANTONABBREVIATION</DOMNAME>
     <VALPOS>0015</VALPOS>
     <DDLANGUAGE>D</DDLANGUAGE>
     <DOMVALUE_L>AR</DOMVALUE_L>
     <DDTEXT>Appenzell Ausserrhoden</DDTEXT>
    </DD07V>
    <DD07V>
     <DOMNAME>/BVCCSAP/K7_CANTONABBREVIATION</DOMNAME>
     <VALPOS>0016</VALPOS>
     <DDLANGUAGE>D</DDLANGUAGE>
     <DOMVALUE_L>AI</DOMVALUE_L>
     <DDTEXT>Appenzell Innerrhoden</DDTEXT>
    </DD07V>
    <DD07V>
     <DOMNAME>/BVCCSAP/K7_CANTONABBREVIATION</DOMNAME>
     <VALPOS>0017</VALPOS>
     <DDLANGUAGE>D</DDLANGUAGE>
     <DOMVALUE_L>SG</DOMVALUE_L>
     <DDTEXT>St. Gallen</DDTEXT>
    </DD07V>
    <DD07V>
     <DOMNAME>/BVCCSAP/K7_CANTONABBREVIATION</DOMNAME>
     <VALPOS>0018</VALPOS>
     <DDLANGUAGE>D</DDLANGUAGE>
     <DOMVALUE_L>GR</DOMVALUE_L>
     <DDTEXT>Graubünden / Grigioni / Grischun</DDTEXT>
    </DD07V>
    <DD07V>
     <DOMNAME>/BVCCSAP/K7_CANTONABBREVIATION</DOMNAME>
     <VALPOS>0019</VALPOS>
     <DDLANGUAGE>D</DDLANGUAGE>
     <DOMVALUE_L>AG</DOMVALUE_L>
     <DDTEXT>Aargau</DDTEXT>
    </DD07V>
    <DD07V>
     <DOMNAME>/BVCCSAP/K7_CANTONABBREVIATION</DOMNAME>
     <VALPOS>0020</VALPOS>
     <DDLANGUAGE>D</DDLANGUAGE>
     <DOMVALUE_L>TG</DOMVALUE_L>
     <DDTEXT>Thurgau</DDTEXT>
    </DD07V>
    <DD07V>
     <DOMNAME>/BVCCSAP/K7_CANTONABBREVIATION</DOMNAME>
     <VALPOS>0021</VALPOS>
     <DDLANGUAGE>D</DDLANGUAGE>
     <DOMVALUE_L>TI</DOMVALUE_L>
     <DDTEXT>Ticino</DDTEXT>
    </DD07V>
    <DD07V>
     <DOMNAME>/BVCCSAP/K7_CANTONABBREVIATION</DOMNAME>
     <VALPOS>0022</VALPOS>
     <DDLANGUAGE>D</DDLANGUAGE>
     <DOMVALUE_L>VD</DOMVALUE_L>
     <DDTEXT>Vaud</DDTEXT>
    </DD07V>
    <DD07V>
     <DOMNAME>/BVCCSAP/K7_CANTONABBREVIATION</DOMNAME>
     <VALPOS>0023</VALPOS>
     <DDLANGUAGE>D</DDLANGUAGE>
     <DOMVALUE_L>VS</DOMVALUE_L>
     <DDTEXT>Valais / Wallis</DDTEXT>
    </DD07V>
    <DD07V>
     <DOMNAME>/BVCCSAP/K7_CANTONABBREVIATION</DOMNAME>
     <VALPOS>0024</VALPOS>
     <DDLANGUAGE>D</DDLANGUAGE>
     <DOMVALUE_L>NE</DOMVALUE_L>
     <DDTEXT>Neuchâtel</DDTEXT>
    </DD07V>
    <DD07V>
     <DOMNAME>/BVCCSAP/K7_CANTONABBREVIATION</DOMNAME>
     <VALPOS>0025</VALPOS>
     <DDLANGUAGE>D</DDLANGUAGE>
     <DOMVALUE_L>GE</DOMVALUE_L>
     <DDTEXT>Genève</DDTEXT>
    </DD07V>
    <DD07V>
     <DOMNAME>/BVCCSAP/K7_CANTONABBREVIATION</DOMNAME>
     <VALPOS>0026</VALPOS>
     <DDLANGUAGE>D</DDLANGUAGE>
     <DOMVALUE_L>JU</DOMVALUE_L>
     <DDTEXT>Jura</DDTEXT>
    </DD07V>
   </DD07V_TAB>
  </asx:values>
 </asx:abap>
</abapGit>
