﻿<?xml version="1.0" encoding="utf-8"?>
<abapGit version="v1.0.0" serializer="LCL_OBJECT_TOBJ" serializer_version="v1.0.0">
 <asx:abap xmlns:asx="http://www.sap.com/abapxml" version="1.0">
  <asx:values>
   <OBJH>
    <OBJECTNAME>/BVCCSAP/K7_0502</OBJECTNAME>
    <OBJECTTYPE>S</OBJECTTYPE>
    <CLIDEP>X</CLIDEP>
    <LANGDEP>X</LANGDEP>
    <OBJCATEG>CUST</OBJCATEG>
    <OBJTRANSP>2</OBJTRANSP>
    <IMPORTABLE>3</IMPORTABLE>
   </OBJH>
   <OBJT>
    <LANGUAGE>D</LANGUAGE>
    <OBJECTNAME>/BVCCSAP/K7_0502</OBJECTNAME>
    <OBJECTTYPE>S</OBJECTTYPE>
    <DDTEXT>CodeIdValue</DDTEXT>
   </OBJT>
   <OBJS>
    <OBJS>
     <OBJECTNAME>/BVCCSAP/K7_0502</OBJECTNAME>
     <OBJECTTYPE>S</OBJECTTYPE>
     <TABNAME>/BVCCSAP/K7_0502</TABNAME>
     <DDIC>X</DDIC>
     <PRIM_TABLE>X</PRIM_TABLE>
    </OBJS>
    <OBJS>
     <OBJECTNAME>/BVCCSAP/K7_0502</OBJECTNAME>
     <OBJECTTYPE>S</OBJECTTYPE>
     <TABNAME>/BVCCSAP/K7_502T</TABNAME>
     <DDIC>X</DDIC>
    </OBJS>
   </OBJS>
   <TOBJ>
    <TDDAT>
     <TABNAME>/BVCCSAP/K7_0502</TABNAME>
     <CCLASS>&amp;NC&amp;</CCLASS>
    </TDDAT>
    <TVDIR>
     <TABNAME>/BVCCSAP/K7_0502</TABNAME>
     <AREA>/BVCCSAP/K7_5</AREA>
     <DEVCLASS>/BVCCSAP/K7_5</DEVCLASS>
     <TYPE>1</TYPE>
     <LISTE>0003</LISTE>
     <BASTAB>X</BASTAB>
    </TVDIR>
   </TOBJ>
  </asx:values>
 </asx:abap>
</abapGit>
