﻿<?xml version="1.0" encoding="utf-8"?>
<abapGit version="v1.0.0" serializer="LCL_OBJECT_TABL" serializer_version="v1.0.0">
 <asx:abap xmlns:asx="http://www.sap.com/abapxml" version="1.0">
  <asx:values>
   <DD02V>
    <TABNAME>/BVCCSAP/K7_0561</TABNAME>
    <DDLANGUAGE>D</DDLANGUAGE>
    <TABCLASS>TRANSP</TABCLASS>
    <CLIDEP>X</CLIDEP>
    <DDTEXT>Change Log</DDTEXT>
    <MAINFLAG>X</MAINFLAG>
    <CONTFLAG>C</CONTFLAG>
    <EXCLASS>4</EXCLASS>
   </DD02V>
   <DD09L>
    <TABNAME>/BVCCSAP/K7_0561</TABNAME>
    <AS4LOCAL>A</AS4LOCAL>
    <TABKAT>0</TABKAT>
    <TABART>APPL2</TABART>
    <BUFALLOW>N</BUFALLOW>
   </DD09L>
   <DD03P_TABLE>
    <DD03P>
     <TABNAME>/BVCCSAP/K7_0561</TABNAME>
     <FIELDNAME>MANDT</FIELDNAME>
     <POSITION>0001</POSITION>
     <KEYFLAG>X</KEYFLAG>
     <ROLLNAME>MANDT</ROLLNAME>
     <ADMINFIELD>0</ADMINFIELD>
     <NOTNULL>X</NOTNULL>
     <COMPTYPE>E</COMPTYPE>
    </DD03P>
    <DD03P>
     <TABNAME>/BVCCSAP/K7_0561</TABNAME>
     <FIELDNAME>CODELIST_TYPE</FIELDNAME>
     <POSITION>0002</POSITION>
     <KEYFLAG>X</KEYFLAG>
     <ROLLNAME>/BVCCSAP/K7_CODELIST_TYPE</ROLLNAME>
     <ADMINFIELD>0</ADMINFIELD>
     <NOTNULL>X</NOTNULL>
     <VALEXI>X</VALEXI>
     <SHLPORIGIN>F</SHLPORIGIN>
     <COMPTYPE>E</COMPTYPE>
    </DD03P>
    <DD03P>
     <TABNAME>/BVCCSAP/K7_0561</TABNAME>
     <FIELDNAME>VERSION_ID</FIELDNAME>
     <POSITION>0003</POSITION>
     <KEYFLAG>X</KEYFLAG>
     <ROLLNAME>/BVCCSAP/K7_VERSION_ID</ROLLNAME>
     <ADMINFIELD>0</ADMINFIELD>
     <NOTNULL>X</NOTNULL>
     <COMPTYPE>E</COMPTYPE>
    </DD03P>
    <DD03P>
     <TABNAME>/BVCCSAP/K7_0561</TABNAME>
     <FIELDNAME>LOG_ID</FIELDNAME>
     <DDLANGUAGE>D</DDLANGUAGE>
     <POSITION>0004</POSITION>
     <KEYFLAG>X</KEYFLAG>
     <ADMINFIELD>0</ADMINFIELD>
     <INTTYPE>N</INTTYPE>
     <INTLEN>000020</INTLEN>
     <NOTNULL>X</NOTNULL>
     <DATATYPE>NUMC</DATATYPE>
     <LENG>000010</LENG>
     <MASK>  NUMC</MASK>
     <DDTEXT>Log Entry Id</DDTEXT>
    </DD03P>
    <DD03P>
     <TABNAME>/BVCCSAP/K7_0561</TABNAME>
     <FIELDNAME>NOTICE</FIELDNAME>
     <POSITION>0005</POSITION>
     <ROLLNAME>/BVCCSAP/K7_CHANGE_LOG_NOTICE</ROLLNAME>
     <ADMINFIELD>0</ADMINFIELD>
     <COMPTYPE>E</COMPTYPE>
    </DD03P>
    <DD03P>
     <TABNAME>/BVCCSAP/K7_0561</TABNAME>
     <FIELDNAME>CREATOR</FIELDNAME>
     <POSITION>0006</POSITION>
     <ROLLNAME>SWFWSCREUSR</ROLLNAME>
     <ADMINFIELD>0</ADMINFIELD>
     <COMPTYPE>E</COMPTYPE>
    </DD03P>
    <DD03P>
     <TABNAME>/BVCCSAP/K7_0561</TABNAME>
     <FIELDNAME>CREATION_DATE</FIELDNAME>
     <POSITION>0007</POSITION>
     <ROLLNAME>ERZDT</ROLLNAME>
     <ADMINFIELD>0</ADMINFIELD>
     <SHLPORIGIN>T</SHLPORIGIN>
     <COMPTYPE>E</COMPTYPE>
    </DD03P>
    <DD03P>
     <TABNAME>/BVCCSAP/K7_0561</TABNAME>
     <FIELDNAME>CREATION_TIME</FIELDNAME>
     <POSITION>0008</POSITION>
     <ROLLNAME>ERZZT</ROLLNAME>
     <ADMINFIELD>0</ADMINFIELD>
     <SHLPORIGIN>T</SHLPORIGIN>
     <COMPTYPE>E</COMPTYPE>
    </DD03P>
   </DD03P_TABLE>
  </asx:values>
 </asx:abap>
</abapGit>
