﻿<?xml version="1.0" encoding="utf-8"?>
<abapGit version="v1.0.0" serializer="LCL_OBJECT_TABL" serializer_version="v1.0.0">
 <asx:abap xmlns:asx="http://www.sap.com/abapxml" version="1.0">
  <asx:values>
   <DD02V>
    <TABNAME>/BVCCSAP/K7_MUNICIPAL_DATA_TS</TABNAME>
    <DDLANGUAGE>D</DDLANGUAGE>
    <TABCLASS>INTTAB</TABCLASS>
    <DDTEXT>Daten der Gemeinde</DDTEXT>
    <EXCLASS>4</EXCLASS>
   </DD02V>
   <DD03P_TABLE>
    <DD03P>
     <TABNAME>/BVCCSAP/K7_MUNICIPAL_DATA_TS</TABNAME>
     <FIELDNAME>HISTORYMUNICIPALITYID</FIELDNAME>
     <POSITION>0001</POSITION>
     <ROLLNAME>/BVCCSAP/K7_MUNICIPHISTID</ROLLNAME>
     <ADMINFIELD>0</ADMINFIELD>
     <COMPTYPE>E</COMPTYPE>
    </DD03P>
    <DD03P>
     <TABNAME>/BVCCSAP/K7_MUNICIPAL_DATA_TS</TABNAME>
     <FIELDNAME>DISTRICTHISTID</FIELDNAME>
     <POSITION>0002</POSITION>
     <ROLLNAME>/BVCCSAP/K7_DISTRICTHISTID</ROLLNAME>
     <ADMINFIELD>0</ADMINFIELD>
     <COMPTYPE>E</COMPTYPE>
    </DD03P>
    <DD03P>
     <TABNAME>/BVCCSAP/K7_MUNICIPAL_DATA_TS</TABNAME>
     <FIELDNAME>CANTONABBREVIATION</FIELDNAME>
     <POSITION>0003</POSITION>
     <ROLLNAME>/BVCCSAP/K7_CANTONABBREVIATION</ROLLNAME>
     <ADMINFIELD>0</ADMINFIELD>
     <VALEXI>X</VALEXI>
     <SHLPORIGIN>F</SHLPORIGIN>
     <COMPTYPE>E</COMPTYPE>
    </DD03P>
    <DD03P>
     <TABNAME>/BVCCSAP/K7_MUNICIPAL_DATA_TS</TABNAME>
     <FIELDNAME>MUNICIPALITYID</FIELDNAME>
     <POSITION>0004</POSITION>
     <ROLLNAME>/BVCCSAP/K7_MUNICIPALITYID</ROLLNAME>
     <ADMINFIELD>0</ADMINFIELD>
     <COMPTYPE>E</COMPTYPE>
    </DD03P>
    <DD03P>
     <TABNAME>/BVCCSAP/K7_MUNICIPAL_DATA_TS</TABNAME>
     <FIELDNAME>MUNICIPALITYLONGNAME</FIELDNAME>
     <POSITION>0005</POSITION>
     <ROLLNAME>/BVCCSAP/K7_MUNICIPLONGNAME</ROLLNAME>
     <ADMINFIELD>0</ADMINFIELD>
     <COMPTYPE>E</COMPTYPE>
    </DD03P>
    <DD03P>
     <TABNAME>/BVCCSAP/K7_MUNICIPAL_DATA_TS</TABNAME>
     <FIELDNAME>MUNICIPALITYSHORTNAME</FIELDNAME>
     <POSITION>0006</POSITION>
     <ROLLNAME>/BVCCSAP/K7_MUNICIPSHORTNAME</ROLLNAME>
     <ADMINFIELD>0</ADMINFIELD>
     <COMPTYPE>E</COMPTYPE>
    </DD03P>
    <DD03P>
     <TABNAME>/BVCCSAP/K7_MUNICIPAL_DATA_TS</TABNAME>
     <FIELDNAME>MUNICIPALITYENTRYMODE</FIELDNAME>
     <POSITION>0007</POSITION>
     <ROLLNAME>/BVCCSAP/K7_ENTRYMODE</ROLLNAME>
     <ADMINFIELD>0</ADMINFIELD>
     <VALEXI>X</VALEXI>
     <SHLPORIGIN>F</SHLPORIGIN>
     <COMPTYPE>E</COMPTYPE>
    </DD03P>
    <DD03P>
     <TABNAME>/BVCCSAP/K7_MUNICIPAL_DATA_TS</TABNAME>
     <FIELDNAME>MUNICIPALITYADMISSIONNUMBER</FIELDNAME>
     <POSITION>0008</POSITION>
     <ROLLNAME>/BVCCSAP/K7_ADMISSIONNUMBER</ROLLNAME>
     <ADMINFIELD>0</ADMINFIELD>
     <COMPTYPE>E</COMPTYPE>
    </DD03P>
    <DD03P>
     <TABNAME>/BVCCSAP/K7_MUNICIPAL_DATA_TS</TABNAME>
     <FIELDNAME>MUNICIPALITYADMISSIONMODE</FIELDNAME>
     <POSITION>0009</POSITION>
     <ROLLNAME>/BVCCSAP/K7_ADMISSIONMODE</ROLLNAME>
     <ADMINFIELD>0</ADMINFIELD>
     <VALEXI>X</VALEXI>
     <SHLPORIGIN>F</SHLPORIGIN>
     <COMPTYPE>E</COMPTYPE>
    </DD03P>
    <DD03P>
     <TABNAME>/BVCCSAP/K7_MUNICIPAL_DATA_TS</TABNAME>
     <FIELDNAME>MUNICIPALITYSTATUS</FIELDNAME>
     <POSITION>0010</POSITION>
     <ROLLNAME>/BVCCSAP/K7_MUNICIPAL_STATUS</ROLLNAME>
     <ADMINFIELD>0</ADMINFIELD>
     <VALEXI>X</VALEXI>
     <SHLPORIGIN>F</SHLPORIGIN>
     <COMPTYPE>E</COMPTYPE>
    </DD03P>
    <DD03P>
     <TABNAME>/BVCCSAP/K7_MUNICIPAL_DATA_TS</TABNAME>
     <FIELDNAME>MUNICIPALITYADMISSIONDATE</FIELDNAME>
     <POSITION>0011</POSITION>
     <ROLLNAME>/BVCCSAP/K7_ADMISSIONDATE</ROLLNAME>
     <ADMINFIELD>0</ADMINFIELD>
     <SHLPORIGIN>T</SHLPORIGIN>
     <COMPTYPE>E</COMPTYPE>
    </DD03P>
    <DD03P>
     <TABNAME>/BVCCSAP/K7_MUNICIPAL_DATA_TS</TABNAME>
     <FIELDNAME>MUNICIPALITYABOLITIONNUMBER</FIELDNAME>
     <POSITION>0012</POSITION>
     <ROLLNAME>/BVCCSAP/K7_ABOLITIONNUMBER</ROLLNAME>
     <ADMINFIELD>0</ADMINFIELD>
     <COMPTYPE>E</COMPTYPE>
    </DD03P>
    <DD03P>
     <TABNAME>/BVCCSAP/K7_MUNICIPAL_DATA_TS</TABNAME>
     <FIELDNAME>MUNICIPALITYABOLITIONMODE</FIELDNAME>
     <POSITION>0013</POSITION>
     <ROLLNAME>/BVCCSAP/K7_ABOLITIONMODE</ROLLNAME>
     <ADMINFIELD>0</ADMINFIELD>
     <VALEXI>X</VALEXI>
     <SHLPORIGIN>F</SHLPORIGIN>
     <COMPTYPE>E</COMPTYPE>
    </DD03P>
    <DD03P>
     <TABNAME>/BVCCSAP/K7_MUNICIPAL_DATA_TS</TABNAME>
     <FIELDNAME>MUNICIPALITYABOLITIONDATE</FIELDNAME>
     <POSITION>0014</POSITION>
     <ROLLNAME>/BVCCSAP/K7_ABOLITIONDATE</ROLLNAME>
     <ADMINFIELD>0</ADMINFIELD>
     <SHLPORIGIN>T</SHLPORIGIN>
     <COMPTYPE>E</COMPTYPE>
    </DD03P>
    <DD03P>
     <TABNAME>/BVCCSAP/K7_MUNICIPAL_DATA_TS</TABNAME>
     <FIELDNAME>MUNICIPALITYDATEOFCHANGE</FIELDNAME>
     <POSITION>0015</POSITION>
     <ROLLNAME>/BVCCSAP/K7_DATEOFCHANGE</ROLLNAME>
     <ADMINFIELD>0</ADMINFIELD>
     <SHLPORIGIN>T</SHLPORIGIN>
     <COMPTYPE>E</COMPTYPE>
    </DD03P>
    <DD03P>
     <TABNAME>/BVCCSAP/K7_MUNICIPAL_DATA_TS</TABNAME>
     <FIELDNAME>VERSION_ID</FIELDNAME>
     <POSITION>0016</POSITION>
     <ROLLNAME>/BVCCSAP/K7_VERSION_ID</ROLLNAME>
     <ADMINFIELD>0</ADMINFIELD>
     <COMPTYPE>E</COMPTYPE>
    </DD03P>
   </DD03P_TABLE>
  </asx:values>
 </asx:abap>
</abapGit>
