<xsl:transform xmlns:xsl="http://www.w3.org/1999/XSL/Transform" xmlns:sap="http://www.sap.com/sapxsl" xmlns:asx="http://www.sap.com/abapxml" exclude-result-prefixes="asx" version="1.0">

  <xsl:strip-space elements="*"/>
  <xsl:output encoding="utf-8" indent="no" omit-xml-declaration="yes"/>
  <xsl:template match="/asx:abap/asx:values/MUNICIPAL">
    <GemeindeCodeIns_batch_req xmlns="http://ws.wso2.org/dataservice">
      <xsl:for-each select="*">
        <xsl:variable name="municipalid" select="substring-after(., substring-before(., substring(translate(., '0', ''), 1, 1)))"/>
        <GemeindeCodeIns>
          <NUMMER>
            <xsl:value-of select="number(MUNICIPALITYID)"/>
          </NUMMER>
          <NAME>
            <xsl:value-of select="MUNICIPALITYLONGNAME"/>
          </NAME>
          <KANTON>
            <xsl:value-of select="CANTONABBREVIATION"/>
          </KANTON>
        </GemeindeCodeIns>
      </xsl:for-each>
    </GemeindeCodeIns_batch_req>
  </xsl:template>

</xsl:transform>
