﻿<?xml version="1.0" encoding="utf-8"?>
<abapGit version="v1.0.0" serializer="LCL_OBJECT_DTEL" serializer_version="v1.0.0">
 <asx:abap xmlns:asx="http://www.sap.com/abapxml" version="1.0">
  <asx:values>
   <DD04V>
    <ROLLNAME>/BVCCSAP/K7_SEL_CRITERIA_ID</ROLLNAME>
    <DDLANGUAGE>D</DDLANGUAGE>
    <HEADLEN>09</HEADLEN>
    <SCRLEN1>09</SCRLEN1>
    <SCRLEN2>20</SCRLEN2>
    <SCRLEN3>23</SCRLEN3>
    <DDTEXT>Selektion-Kriterium Nr.</DDTEXT>
    <REPTEXT>SelKritId</REPTEXT>
    <SCRTEXT_S>SelKritId</SCRTEXT_S>
    <SCRTEXT_M>Selekt. Kriterium Id</SCRTEXT_M>
    <SCRTEXT_L>Selektions-Kriterium Id</SCRTEXT_L>
    <DTELMASTER>D</DTELMASTER>
    <DATATYPE>NUMC</DATATYPE>
    <LENG>000006</LENG>
    <OUTPUTLEN>000006</OUTPUTLEN>
   </DD04V>
  </asx:values>
 </asx:abap>
</abapGit>
