﻿<?xml version="1.0" encoding="utf-8"?>
<abapGit version="v1.0.0" serializer="LCL_OBJECT_DTEL" serializer_version="v1.0.0">
 <asx:abap xmlns:asx="http://www.sap.com/abapxml" version="1.0">
  <asx:values>
   <DD04V>
    <ROLLNAME>/BVCCSAP/K7_CODELIST_TYPE</ROLLNAME>
    <DDLANGUAGE>D</DDLANGUAGE>
    <DOMNAME>/BVCCSAP/K7_CODELIST_TYPE</DOMNAME>
    <HEADLEN>14</HEADLEN>
    <SCRLEN1>10</SCRLEN1>
    <SCRLEN2>20</SCRLEN2>
    <SCRLEN3>40</SCRLEN3>
    <DDTEXT>Codelisten Typ</DDTEXT>
    <REPTEXT>Codelisten Typ</REPTEXT>
    <SCRTEXT_S>CoList Typ</SCRTEXT_S>
    <SCRTEXT_M>Codelisten Typ</SCRTEXT_M>
    <SCRTEXT_L>Codelisten Typ</SCRTEXT_L>
    <DTELMASTER>D</DTELMASTER>
    <REFKIND>D</REFKIND>
   </DD04V>
  </asx:values>
 </asx:abap>
</abapGit>
