﻿<?xml version="1.0" encoding="utf-8"?>
<abapGit version="v1.0.0" serializer="LCL_OBJECT_TABL" serializer_version="v1.0.0">
 <asx:abap xmlns:asx="http://www.sap.com/abapxml" version="1.0">
  <asx:values>
   <DD02V>
    <TABNAME>/BVCCSAP/K7_DISTRICT_DATA_TS</TABNAME>
    <DDLANGUAGE>D</DDLANGUAGE>
    <TABCLASS>INTTAB</TABCLASS>
    <DDTEXT>Daten des Bezirks</DDTEXT>
    <EXCLASS>3</EXCLASS>
   </DD02V>
   <DD03P_TABLE>
    <DD03P>
     <TABNAME>/BVCCSAP/K7_DISTRICT_DATA_TS</TABNAME>
     <FIELDNAME>DISTRICTHISTID</FIELDNAME>
     <POSITION>0001</POSITION>
     <ROLLNAME>/BVCCSAP/K7_DISTRICTHISTID</ROLLNAME>
     <ADMINFIELD>0</ADMINFIELD>
     <COMPTYPE>E</COMPTYPE>
    </DD03P>
    <DD03P>
     <TABNAME>/BVCCSAP/K7_DISTRICT_DATA_TS</TABNAME>
     <FIELDNAME>CANTONID</FIELDNAME>
     <POSITION>0002</POSITION>
     <ROLLNAME>/BVCCSAP/K7_CANTONIDTYPE</ROLLNAME>
     <ADMINFIELD>0</ADMINFIELD>
     <COMPTYPE>E</COMPTYPE>
    </DD03P>
    <DD03P>
     <TABNAME>/BVCCSAP/K7_DISTRICT_DATA_TS</TABNAME>
     <FIELDNAME>DISTRICTID</FIELDNAME>
     <POSITION>0003</POSITION>
     <ROLLNAME>/BVCCSAP/K7_DISTRICTID</ROLLNAME>
     <ADMINFIELD>0</ADMINFIELD>
     <COMPTYPE>E</COMPTYPE>
    </DD03P>
    <DD03P>
     <TABNAME>/BVCCSAP/K7_DISTRICT_DATA_TS</TABNAME>
     <FIELDNAME>DISTRICTLONGNAME</FIELDNAME>
     <POSITION>0004</POSITION>
     <ROLLNAME>/BVCCSAP/K7_DISTRICTLONGNAME</ROLLNAME>
     <ADMINFIELD>0</ADMINFIELD>
     <COMPTYPE>E</COMPTYPE>
    </DD03P>
    <DD03P>
     <TABNAME>/BVCCSAP/K7_DISTRICT_DATA_TS</TABNAME>
     <FIELDNAME>DISTRICTSHORTNAME</FIELDNAME>
     <POSITION>0005</POSITION>
     <ROLLNAME>/BVCCSAP/K7_DISTRICTSHORTNAME</ROLLNAME>
     <ADMINFIELD>0</ADMINFIELD>
     <COMPTYPE>E</COMPTYPE>
    </DD03P>
    <DD03P>
     <TABNAME>/BVCCSAP/K7_DISTRICT_DATA_TS</TABNAME>
     <FIELDNAME>DISTRICTENTRYMODE</FIELDNAME>
     <POSITION>0006</POSITION>
     <ROLLNAME>/BVCCSAP/K7_ENTRYMODE</ROLLNAME>
     <ADMINFIELD>0</ADMINFIELD>
     <VALEXI>X</VALEXI>
     <SHLPORIGIN>F</SHLPORIGIN>
     <COMPTYPE>E</COMPTYPE>
    </DD03P>
    <DD03P>
     <TABNAME>/BVCCSAP/K7_DISTRICT_DATA_TS</TABNAME>
     <FIELDNAME>DISTRICTADMISSIONNUMBER</FIELDNAME>
     <POSITION>0007</POSITION>
     <ROLLNAME>/BVCCSAP/K7_ADMISSIONNUMBER</ROLLNAME>
     <ADMINFIELD>0</ADMINFIELD>
     <COMPTYPE>E</COMPTYPE>
    </DD03P>
    <DD03P>
     <TABNAME>/BVCCSAP/K7_DISTRICT_DATA_TS</TABNAME>
     <FIELDNAME>DISTRICTADMISSIONMODE</FIELDNAME>
     <POSITION>0008</POSITION>
     <ROLLNAME>/BVCCSAP/K7_ADMISSIONMODE</ROLLNAME>
     <ADMINFIELD>0</ADMINFIELD>
     <VALEXI>X</VALEXI>
     <SHLPORIGIN>F</SHLPORIGIN>
     <COMPTYPE>E</COMPTYPE>
    </DD03P>
    <DD03P>
     <TABNAME>/BVCCSAP/K7_DISTRICT_DATA_TS</TABNAME>
     <FIELDNAME>DISTRICTADMISSIONDATE</FIELDNAME>
     <POSITION>0009</POSITION>
     <ROLLNAME>/BVCCSAP/K7_ADMISSIONDATE</ROLLNAME>
     <ADMINFIELD>0</ADMINFIELD>
     <SHLPORIGIN>T</SHLPORIGIN>
     <COMPTYPE>E</COMPTYPE>
    </DD03P>
    <DD03P>
     <TABNAME>/BVCCSAP/K7_DISTRICT_DATA_TS</TABNAME>
     <FIELDNAME>DISTRICTABOLITIONNUMBER</FIELDNAME>
     <POSITION>0010</POSITION>
     <ROLLNAME>/BVCCSAP/K7_ABOLITIONNUMBER</ROLLNAME>
     <ADMINFIELD>0</ADMINFIELD>
     <COMPTYPE>E</COMPTYPE>
    </DD03P>
    <DD03P>
     <TABNAME>/BVCCSAP/K7_DISTRICT_DATA_TS</TABNAME>
     <FIELDNAME>DISTRICTABOLITIONMODE</FIELDNAME>
     <POSITION>0011</POSITION>
     <ROLLNAME>/BVCCSAP/K7_ABOLITIONMODE</ROLLNAME>
     <ADMINFIELD>0</ADMINFIELD>
     <VALEXI>X</VALEXI>
     <SHLPORIGIN>F</SHLPORIGIN>
     <COMPTYPE>E</COMPTYPE>
    </DD03P>
    <DD03P>
     <TABNAME>/BVCCSAP/K7_DISTRICT_DATA_TS</TABNAME>
     <FIELDNAME>DISTRICTABOLITIONDATE</FIELDNAME>
     <POSITION>0012</POSITION>
     <ROLLNAME>/BVCCSAP/K7_ABOLITIONDATE</ROLLNAME>
     <ADMINFIELD>0</ADMINFIELD>
     <SHLPORIGIN>T</SHLPORIGIN>
     <COMPTYPE>E</COMPTYPE>
    </DD03P>
    <DD03P>
     <TABNAME>/BVCCSAP/K7_DISTRICT_DATA_TS</TABNAME>
     <FIELDNAME>DISTRICTDATEOFCHANGE</FIELDNAME>
     <POSITION>0013</POSITION>
     <ROLLNAME>/BVCCSAP/K7_DATEOFCHANGE</ROLLNAME>
     <ADMINFIELD>0</ADMINFIELD>
     <SHLPORIGIN>T</SHLPORIGIN>
     <COMPTYPE>E</COMPTYPE>
    </DD03P>
    <DD03P>
     <TABNAME>/BVCCSAP/K7_DISTRICT_DATA_TS</TABNAME>
     <FIELDNAME>VERSION_ID</FIELDNAME>
     <POSITION>0014</POSITION>
     <ROLLNAME>/BVCCSAP/K7_VERSION_ID</ROLLNAME>
     <ADMINFIELD>0</ADMINFIELD>
     <COMPTYPE>E</COMPTYPE>
    </DD03P>
   </DD03P_TABLE>
  </asx:values>
 </asx:abap>
</abapGit>
