﻿<?xml version="1.0" encoding="utf-8"?>
<abapGit version="v1.0.0" serializer="LCL_OBJECT_DTEL" serializer_version="v1.0.0">
 <asx:abap xmlns:asx="http://www.sap.com/abapxml" version="1.0">
  <asx:values>
   <DD04V>
    <ROLLNAME>/BVCCSAP/K7_FORMULAR_DESC_DE</ROLLNAME>
    <DDLANGUAGE>D</DDLANGUAGE>
    <DOMNAME>STRING</DOMNAME>
    <HEADLEN>28</HEADLEN>
    <SCRLEN1>10</SCRLEN1>
    <SCRLEN2>20</SCRLEN2>
    <SCRLEN3>40</SCRLEN3>
    <DDTEXT>Formular Bezeichnung Deutsch</DDTEXT>
    <REPTEXT>Formular Bezeichnung Deutsch</REPTEXT>
    <SCRTEXT_S>FormBezDE</SCRTEXT_S>
    <SCRTEXT_M>Formular Bez. DE</SCRTEXT_M>
    <SCRTEXT_L>Formular Bezeichnung Deutsch</SCRTEXT_L>
    <DTELMASTER>D</DTELMASTER>
    <REFKIND>D</REFKIND>
   </DD04V>
  </asx:values>
 </asx:abap>
</abapGit>
