﻿<?xml version="1.0" encoding="utf-8"?>
<abapGit version="v1.0.0" serializer="LCL_OBJECT_DTEL" serializer_version="v1.0.0">
 <asx:abap xmlns:asx="http://www.sap.com/abapxml" version="1.0">
  <asx:values>
   <DD04V>
    <ROLLNAME>/BVCCSAP/K7_MUNICIPAL_STATUS</ROLLNAME>
    <DDLANGUAGE>D</DDLANGUAGE>
    <DOMNAME>NUMC1</DOMNAME>
    <HEADLEN>11</HEADLEN>
    <SCRLEN1>10</SCRLEN1>
    <SCRLEN2>20</SCRLEN2>
    <SCRLEN3>40</SCRLEN3>
    <DDTEXT>Gemeinde Status</DDTEXT>
    <REPTEXT>Gmd Status</REPTEXT>
    <SCRTEXT_S>Gmd Status</SCRTEXT_S>
    <SCRTEXT_M>Gmd Status</SCRTEXT_M>
    <SCRTEXT_L>Gemeinde Status</SCRTEXT_L>
    <DTELMASTER>D</DTELMASTER>
    <REFKIND>D</REFKIND>
   </DD04V>
  </asx:values>
 </asx:abap>
</abapGit>
