﻿<?xml version="1.0" encoding="utf-8"?>
<abapGit version="v1.0.0" serializer="LCL_OBJECT_SICF" serializer_version="v1.0.0">
 <asx:abap xmlns:asx="http://www.sap.com/abapxml" version="1.0">
  <asx:values>
   <URL>/sap/bc/webdynpro/bvccsap/</URL>
   <ICFSERVICE>
    <ICF_NAME>BVCCSAP</ICF_NAME>
    <ICFCHILDNO>7</ICFCHILDNO>
    <ORIG_NAME>bvccsap</ORIG_NAME>
   </ICFSERVICE>
   <ICFDOCU>
    <ICF_NAME>BVCCSAP</ICF_NAME>
    <ICF_LANGU>D</ICF_LANGU>
    <ICF_DOCU>Namensraum</ICF_DOCU>
   </ICFDOCU>
  </asx:values>
 </asx:abap>
</abapGit>
