﻿<?xml version="1.0" encoding="utf-8"?>
<abapGit version="v1.0.0" serializer="LCL_OBJECT_SICF" serializer_version="v1.0.0">
 <asx:abap xmlns:asx="http://www.sap.com/abapxml" version="1.0">
  <asx:values>
   <URL>/sap/bc/webdynpro/bvccsap/I080512/</URL>
   <ICFSERVICE>
    <ICF_NAME>I080512</ICF_NAME>
    <ORIG_NAME>I080512</ORIG_NAME>
    <ICFALTNME>K7_CODELIST_MGMT</ICFALTNME>
   </ICFSERVICE>
   <ICFDOCU>
    <ICF_NAME>I080512</ICF_NAME>
    <ICF_LANGU>D</ICF_LANGU>
    <ICF_DOCU>Codelisten Verwaltung</ICF_DOCU>
   </ICFDOCU>
  </asx:values>
 </asx:abap>
</abapGit>
